Date,SPY,XLB,XLE,XLF,XLI,XLK,XLP,XLU,XLV,XLY
1993-01-01,24.175369262695312,,,,,,,,,
1993-02-01,24.43328857421875,,,,,,,,,
1993-03-01,24.863155364990234,,,,,,,,,
1993-04-01,24.341392517089844,,,,,,,,,
1993-05-01,24.99786376953125,,,,,,,,,
1993-06-01,24.911495208740234,,,,,,,,,
1993-07-01,24.96623992919922,,,,,,,,,
1993-08-01,25.923145294189453,,,,,,,,,
1993-09-01,25.57518196105957,,,,,,,,,
1993-10-01,26.242202758789062,,,,,,,,,
1993-11-01,25.96211051940918,,,,,,,,,
1993-12-01,26.1021728515625,,,,,,,,,
1994-01-01,27.197418212890625,,,,,,,,,
1994-02-01,26.40423011779785,,,,,,,,,
1994-03-01,25.152753829956055,,,,,,,,,
1994-04-01,25.581504821777344,,,,,,,,,
1994-05-01,25.989255905151367,,,,,,,,,
1994-06-01,25.22695541381836,,,,,,,,,
1994-07-01,26.214618682861328,,,,,,,,,
1994-08-01,27.213945388793945,,,,,,,,,
1994-09-01,26.366283416748047,,,,,,,,,
1994-10-01,27.280723571777344,,,,,,,,,
1994-11-01,26.19452667236328,,,,,,,,,
1994-12-01,26.176565170288086,,,,,,,,,
1995-01-01,27.272031784057617,,,,,,,,,
1995-02-01,28.384981155395508,,,,,,,,,
1995-03-01,29.018367767333984,,,,,,,,,
1995-04-01,30.03968620300293,,,,,,,,,
1995-05-01,31.23145294189453,,,,,,,,,
1995-06-01,31.677217483520508,,,,,,,,,
1995-07-01,32.88816452026367,,,,,,,,,
1995-08-01,33.034568786621094,,,,,,,,,
1995-09-01,34.25162124633789,,,,,,,,,
1995-10-01,34.333255767822266,,,,,,,,,
1995-11-01,35.86040496826172,,,,,,,,,
1995-12-01,36.2007942199707,,,,,,,,,
1996-01-01,37.72050857543945,,,,,,,,,
1996-02-01,37.840843200683594,,,,,,,,,
1996-03-01,38.32219696044922,,,,,,,,,
1996-04-01,38.910797119140625,,,,,,,,,
1996-05-01,39.79405975341797,,,,,,,,,
1996-06-01,39.93354415893555,,,,,,,,,
1996-07-01,38.34117126464844,,,,,,,,,
1996-08-01,39.079586029052734,,,,,,,,,
1996-09-01,41.05177688598633,,,,,,,,,
1996-10-01,42.597145080566406,,,,,,,,,
1996-11-01,45.70692443847656,,,,,,,,,
1996-12-01,44.400997161865234,,,,,,,,,
1997-01-01,47.37605285644531,,,,,,,,,
1997-02-01,47.829185485839844,,,,,,,,,
1997-03-01,45.544429779052734,,,,,,,,,
1997-04-01,48.581024169921875,,,,,,,,,
1997-05-01,51.65169906616211,,,,,,,,,
1997-06-01,53.56611633300781,,,,,,,,,
1997-07-01,58.037086486816406,,,,,,,,,
1997-08-01,55.03057861328125,,,,,,,,,
1997-09-01,57.46622848510742,,,,,,,,,
1997-10-01,56.26374053955078,,,,,,,,,
1997-11-01,58.440940856933594,,,,,,,,,
1997-12-01,59.319480895996094,,,,,,,,,
1998-01-01,60.322547912597656,,,,,,,,,
1998-02-01,64.50253295898438,,,,,,,,,
1998-03-01,67.45536804199219,,,,,,,,,
1998-04-01,68.51448822021484,,,,,,,,,
1998-05-01,67.0915298461914,,,,,,,,,
1998-06-01,69.72599029541016,,,,,,,,,
1998-07-01,69.00263214111328,,,,,,,,,
1998-08-01,59.26081466674805,,,,,,,,,
1998-09-01,62.81034469604492,,,,,,,,,
1998-10-01,68.14283752441406,,,,,,,,,
1998-11-01,71.93718719482422,,,,,,,,,
1998-12-01,76.38973999023438,6.018314838409424,5.755890846252441,11.223318099975586,15.226351737976074,12.138402938842773,14.332382202148438,5.911738872528076,17.43967056274414,9.621119499206543
1999-01-01,79.34326934814453,5.795259475708008,5.378330707550049,11.417847633361816,15.061687469482422,14.068451881408691,14.142711639404297,5.765091419219971,18.278100967407227,10.115982055664062
1999-02-01,76.79887390136719,5.8853373527526855,5.332098484039307,11.597423553466797,15.197290420532227,12.673236846923828,13.99427604675293,5.6062235832214355,18.299060821533203,10.05268383026123
1999-03-01,79.79004669189453,5.971128463745117,6.064105987548828,11.941604614257812,15.458813667297363,13.615010261535645,13.953042030334473,5.218216896057129,18.781173706054688,10.530289649963379
1999-04-01,83.02094268798828,7.471798419952393,6.986807346343994,12.813531875610352,17.84981918334961,13.696393013000488,13.490278244018555,5.759958744049072,19.451936721801758,10.818229675292969
1999-05-01,81.12259674072266,6.791759490966797,6.8360137939453125,12.040817260742188,17.49981117248535,13.742901802062988,13.349842071533203,5.827615261077881,18.854534149169922,10.328583717346191
1999-06-01,85.35735321044922,7.1619086265563965,6.940409183502197,12.52845287322998,18.5497989654541,15.062541961669922,13.53159236907959,6.030584335327148,19.682506561279297,10.979524612426758
1999-07-01,82.9590835571289,7.102218151092529,7.107691764831543,11.795890808105469,17.892038345336914,14.88813591003418,13.079652786254883,6.086142063140869,19.095592498779297,10.17520809173584
1999-08-01,82.52942657470703,6.782724857330322,7.185415744781494,11.276813507080078,18.038066864013672,15.411348342895508,13.303589820861816,5.795291423797607,18.236177444458008,9.782970428466797
1999-09-01,80.45938110351562,6.5495781898498535,6.824004650115967,10.652408599853516,17.91151237487793,15.347393035888672,12.07607364654541,5.897397994995117,17.98465919494629,9.627226829528809
1999-10-01,85.85614776611328,6.725917816162109,6.7534565925598145,12.348607063293457,17.55491828918457,15.81247615814209,13.209065437316895,5.973858833312988,18.896469116210938,10.495887756347656
1999-11-01,87.28572845458984,6.630643367767334,6.741745948791504,11.80514907836914,17.164810180664062,17.36465835571289,13.250630378723145,5.777432918548584,19.116546630859375,10.501664161682129
1999-12-01,92.04467010498047,7.366896629333496,6.769069194793701,11.480576515197754,18.481430053710938,20.044639587402344,12.253090858459473,5.615301132202148,20.720073699951172,11.48366928100586
2000-01-01,87.67672729492188,6.493252754211426,6.843847274780273,11.181814193725586,17.036991119384766,18.812562942504883,12.397274017333984,5.550709247589111,20.31423568725586,10.069475173950195
2000-02-01,86.34169006347656,5.840884685516357,6.554120063781738,9.984844207763672,16.097017288208008,20.78916358947754,10.94662094116211,4.876090049743652,18.98596954345703,9.508452415466309
2000-03-01,94.46936798095703,6.414969444274902,7.344995021820068,11.76514720916748,18.300081253051758,22.533226013183594,11.321784019470215,5.368717670440674,20.69375228881836,10.832926750183105
2000-04-01,91.38322448730469,6.216578483581543,7.259612083435059,11.92236614227295,18.602745056152344,20.463611602783203,11.960328102111816,5.762789249420166,20.451290130615234,10.62805461883545
2000-05-01,89.94645690917969,6.020400524139404,8.112067222595215,12.188491821289062,18.524253845214844,18.335857391357422,12.813445091247559,5.750141620635986,19.903112411499023,10.054349899291992
2000-06-01,91.5013427734375,5.479831695556641,7.62887716293335,11.557395935058594,17.758947372436523,20.161306381225586,13.507646560668945,5.513055801391602,19.945276260375977,9.492227554321289
2000-07-01,90.27664184570312,5.553765773773193,7.373666286468506,12.619728088378906,18.070953369140625,19.091617584228516,13.044238090515137,5.640824317932129,19.65010643005371,9.661352157592773
2000-08-01,96.17530059814453,5.680785179138184,8.178929328918457,13.901531219482422,19.860363006591797,21.0333309173584,12.884956359863281,5.860593795776367,20.345861434936523,9.260730743408203
2000-09-01,90.67118072509766,5.093873023986816,8.27761459350586,14.160955429077148,19.23111915588379,17.25453758239746,13.404715538024902,6.580431938171387,19.607940673828125,9.249112129211426
2000-10-01,90.47377014160156,5.573270320892334,8.087430000305176,14.081305503845215,19.71735382080078,16.26624298095703,14.389784812927246,7.020418643951416,19.903112411499023,9.155662536621094
2000-11-01,83.71961975097656,5.432287693023682,7.663234710693359,13.361939430236816,19.046966552734375,12.929282188415527,14.886265754699707,7.017204761505127,18.089906692504883,8.928659439086914
2000-12-01,83.02735137939453,6.040280342102051,8.420446395874023,14.448641777038574,19.71735382080078,11.65030574798584,15.382759094238281,6.82130241394043,18.385074615478516,9.533994674682617
2001-01-01,86.98470306396484,6.03218412399292,8.176499366760254,14.467673301696777,19.875469207763672,13.878046035766602,14.302924156188965,6.531970500946045,19.71776008605957,10.669336318969727
2001-02-01,78.68746185302734,6.1102986335754395,8.077252388000488,13.494314193725586,18.6843318939209,10.421557426452637,14.389342308044434,6.667532444000244,19.339874267578125,9.907505989074707
2001-03-01,74.07858276367188,5.777587413787842,7.812589645385742,13.046958923339844,16.846940994262695,9.227224349975586,13.352280616760254,6.5257158279418945,18.09822654724121,9.743191719055176
2001-04-01,80.62435913085938,6.4233808517456055,8.645438194274902,13.56362533569336,18.826507568359375,10.719209671020508,13.651372909545898,6.889100551605225,19.437881469726562,10.2158203125
2001-05-01,80.17240142822266,6.670433044433594,8.563755989074707,14.16042423248291,19.61439323425293,10.280168533325195,13.851808547973633,6.937408924102783,20.1803035736084,10.45905590057373
2001-06-01,78.04003143310547,6.411752700805664,7.746945858001709,14.00753116607666,18.36267852783203,10.481091499328613,13.16923713684082,6.542544364929199,19.944072723388672,10.354277610778809
2001-07-01,77.46397399902344,6.422698974609375,7.693568706512451,13.925422668457031,18.364253997802734,9.755556106567383,13.61326789855957,6.530090808868408,19.5539608001709,10.837963104248047
2001-08-01,72.86783599853516,6.396425247192383,7.367878437042236,13.00465202331543,17.733861923217773,8.564950942993164,13.678478240966797,6.297402381896973,18.561418533325195,9.889172554016113
2001-09-01,66.66949462890625,5.605266094207764,6.621602535247803,12.217545509338379,15.072193145751953,7.162259101867676,13.618708610534668,6.189519882202148,15.867340087890625,8.614114761352539
2001-10-01,67.79103088378906,5.791521072387695,6.927055358886719,12.097867965698242,15.404077529907227,7.943600177764893,13.574771881103516,5.908936023712158,15.95491886138916,9.095149040222168
2001-11-01,73.07723236083984,6.525742053985596,6.540215969085693,12.883506774902344,16.94511604309082,9.130491256713867,14.174454689025879,5.834331512451172,17.805744171142578,10.306334495544434
2001-12-01,73.23738861083984,6.290790557861328,6.885795593261719,13.07742691040039,17.712448120117188,8.929574966430664,13.84735107421875,5.975019454956055,18.204282760620117,10.757702827453613
2002-01-01,72.76921081542969,6.478067874908447,6.668158531188965,12.98463249206543,16.59342384338379,8.832834243774414,13.803217887878418,5.8043413162231445,18.10120964050293,11.128718376159668
2002-02-01,71.4639892578125,6.820882320404053,6.896040439605713,12.759895324707031,17.009069442749023,7.683152198791504,14.093178749084473,5.793599605560303,18.93352508544922,11.18899917602539
2002-03-01,73.6307601928711,7.007068634033203,7.4812846183776855,13.55894660949707,17.418312072753906,8.062664031982422,14.279191017150879,6.053526878356934,20.022977828979492,11.317086219787598
2002-04-01,69.54736328125,6.698522567749023,7.236285209655762,13.258352279663086,16.263572692871094,7.0878520011901855,13.78823184967041,5.732213973999023,19.910066604614258,11.014488220214844
2002-05-01,69.1346664428711,7.030635356903076,7.1089677810668945,13.21827220916748,16.334117889404297,6.793920516967773,13.63460922241211,5.684571266174316,20.18763542175293,10.957906723022461
2002-06-01,63.808685302734375,6.876443862915039,6.807561874389648,12.596940994262695,15.295205116271973,5.886076927185059,12.20804500579834,5.251460552215576,18.7388916015625,10.361916542053223
2002-07-01,58.98504638671875,6.127118110656738,5.899721145629883,11.600993156433105,14.464468955993652,5.327980995178223,11.722420692443848,4.521658420562744,18.201875686645508,9.141254425048828
2002-08-01,59.38623046875,6.094336986541748,5.988596439361572,11.817410469055176,14.239457130432129,5.283331394195557,11.81597900390625,4.700951099395752,18.37793731689453,9.417119026184082
2002-09-01,52.92219161987305,5.27182674407959,5.531153202056885,10.403144836425781,12.548727989196777,4.40153694152832,10.891390800476074,4.082172870635986,17.186141967773438,8.566862106323242
2002-10-01,57.53360366821289,5.606129169464111,5.663776397705078,11.41552448272705,13.215733528137207,5.491688251495361,11.388387680053711,4.0367536544799805,18.244855880737305,9.156487464904785
2002-11-01,61.08235168457031,6.280666828155518,5.897687911987305,11.840572357177734,13.906203269958496,6.362321376800537,11.072653770446777,4.154052734375,18.808635711669922,9.580254554748535
2002-12-01,57.345115661621094,5.947892665863037,5.868777275085449,11.132157325744629,13.286722183227539,5.506571292877197,11.044957160949707,4.238149642944336,18.034278869628906,8.744062423706055
2003-01-01,56.20958709716797,5.693946838378906,5.751114368438721,11.056421279907227,12.639734268188477,5.390862464904785,10.725232124328613,4.1878662109375,18.04042625427246,8.4720458984375
2003-02-01,55.451961517333984,5.542913436889648,5.920189380645752,10.715360641479492,12.445079803466797,5.4169745445251465,10.396688461303711,3.963916063308716,17.638160705566406,8.434120178222656
2003-03-01,55.347442626953125,5.551973342895508,5.8964152336120605,10.56773853302002,12.529428482055664,5.334900856018066,10.341001510620117,4.120680809020996,18.217693328857422,8.619941711425781
2003-04-01,60.272552490234375,6.080844402313232,5.8769636154174805,11.949834823608398,13.93862533569336,5.82362174987793,10.705880165100098,4.524606227874756,18.86852264404297,9.642607688903809
2003-05-01,63.577632904052734,6.268974304199219,6.501041412353516,12.558320045471191,14.316390037536621,6.32353401184082,11.232217788696289,4.981822490692139,19.258190155029297,10.155306816101074
2003-06-01,64.02362823486328,6.2902116775512695,6.386847972869873,12.553202629089355,14.583436012268066,6.368303298950195,11.288212776184082,5.006718158721924,20.051218032836914,10.288226127624512
2003-07-01,65.41316986083984,6.822915554046631,6.190740585327148,13.161178588867188,15.09844970703125,6.5660319328308105,11.322527885437012,4.71157693862915,19.807065963745117,10.492683410644531
2003-08-01,66.76240539550781,7.012103080749512,6.585665702819824,13.007064819335938,15.685935020446777,6.879406929016113,11.513765335083008,4.805171012878418,19.073469161987305,11.028916358947754
2003-09-01,65.78173828125,6.661193370819092,6.417555332183838,13.053299903869629,15.202892303466797,6.819718360900879,11.429398536682129,4.999202728271484,19.066619873046875,10.488876342773438
2003-10-01,69.56889343261719,7.334280014038086,6.511551856994629,14.03129768371582,16.2001895904541,7.319629669189453,11.987730026245117,5.078643798828125,19.25376319885254,11.458412170410156
2003-11-01,70.32865142822266,7.4999237060546875,6.5625081062316895,13.979657173156738,16.52118682861328,7.424088001251221,12.128828048706055,5.090160846710205,19.666339874267578,11.561227798461914
2003-12-01,73.5196762084961,8.187030792236328,7.38852071762085,14.527066230773926,17.529996871948242,7.6031670570373535,12.29250431060791,5.373460292816162,20.7321834564209,11.99154281616211
2004-01-01,75.32744598388672,7.8710527420043945,7.588722229003906,15.091666221618652,17.793880462646484,7.983738422393799,12.344582557678223,5.5352582931518555,21.37711524963379,11.955545425415039
2004-02-01,76.34969329833984,8.28142261505127,7.987417697906494,15.52285385131836,17.662220001220703,7.780859470367432,13.047395706176758,5.639870643615723,21.604829788208008,12.215197563171387
2004-03-01,75.0751724243164,8.062348365783691,7.903909683227539,15.273490905761719,17.38572883605957,7.57421875,12.96804141998291,5.653820037841797,20.652587890625,12.12355899810791
2004-04-01,73.91289520263672,7.715824604034424,8.072757720947266,14.674595832824707,17.439563751220703,7.28493070602417,13.185711860656738,5.456247806549072,21.347454071044922,12.002172470092773
2004-05-01,75.17845916748047,7.93256139755249,8.048408508300781,14.925089836120605,17.868940353393555,7.57046365737915,13.111760139465332,5.521873950958252,21.278274536132812,12.078640937805176
2004-06-01,76.29093170166016,8.291727066040039,8.516434669494629,14.914647102355957,18.9324893951416,7.777103900909424,13.134513854980469,5.568748474121094,21.13992691040039,12.093931198120117
2004-07-01,74.10243225097656,8.140817642211914,8.813813209533691,14.671135902404785,18.442333221435547,7.303713798522949,12.532793045043945,5.702620029449463,20.061172485351562,11.650424003601074
2004-08-01,74.28295135498047,8.277693748474121,8.678011894226074,15.148458480834961,18.455564498901367,6.980608940124512,12.75547981262207,5.9343156814575195,20.38720703125,11.627453804016113
2004-09-01,74.71754455566406,8.570106506347656,9.487410545349121,14.92816162109375,18.78655242919922,7.183488845825195,12.367217063903809,5.922494411468506,19.971006393432617,11.945229530334473
2004-10-01,75.99526977539062,8.529114723205566,9.582504272460938,15.088143348693848,19.044958114624023,7.49907922744751,12.499799728393555,6.262836933135986,19.58543586730957,12.445862770080566
2004-11-01,79.14382934570312,9.222940444946289,10.228796005249023,15.55750560760498,20.24066925048828,7.8823041915893555,12.809431076049805,6.5417680740356445,19.968107223510742,12.967315673828125
2004-12-01,81.38489532470703,9.291701316833496,9.904285430908203,16.100696563720703,20.63923454284668,7.931140422821045,13.233731269836426,6.6395158767700195,21.004777908325195,13.530948638916016
2005-01-01,79.93598175048828,9.060189247131348,10.27690315246582,15.850495338439941,20.16240882873535,7.632580757141113,13.443836212158203,6.844889163970947,20.413219451904297,12.992315292358398
2005-02-01,81.60697174072266,9.773811340332031,12.00112247467041,15.744363784790039,20.396076202392578,7.644078254699707,13.426559448242188,6.991701602935791,21.02736473083496,12.923080444335938
2005-03-01,79.80069732666016,9.481449127197266,11.732913970947266,15.065130233764648,20.315967559814453,7.4946441650390625,13.253833770751953,7.0157694816589355,20.83893394470215,12.753851890563965
2005-04-01,78.61320495605469,8.835821151733398,11.13491439819336,15.172006607055664,19.643476486206055,7.230260848999023,13.170154571533203,7.287276744842529,21.6382999420166,11.959367752075195
2005-05-01,81.14649963378906,8.779040336608887,11.44521427154541,15.6201171875,20.26655387878418,7.73220157623291,13.476569175720215,7.282426834106445,21.911401748657227,12.69888687133789
2005-06-01,80.94271850585938,8.561376571655273,12.205841064453125,15.721487045288086,19.683671951293945,7.632580757141113,13.152806282043457,7.653461456298828,21.72933578491211,12.625704765319824
2005-07-01,84.37887573242188,9.078803062438965,13.111677169799805,16.061677932739258,20.484926223754883,8.065549850463867,13.640277862548828,7.889566421508789,22.287227630615234,13.361592292785645
2005-08-01,83.58788299560547,8.698405265808105,13.949063301086426,15.798726081848145,20.0013484954834,7.988920211791992,13.402100563049316,7.940908908843994,22.2099609375,12.92186450958252
2005-09-01,83.90156555175781,8.717422485351562,14.783693313598633,15.841654777526855,20.256574630737305,8.00808048248291,13.524096488952637,8.214731216430664,22.02032470703125,12.532281875610352
2005-10-01,82.26589965820312,8.78449535369873,13.486180305480957,16.41972541809082,20.046567916870117,7.8241682052612305,13.527447700500488,7.747062683105469,21.410537719726562,12.299581527709961
2005-11-01,85.88172912597656,9.457036972045898,13.687834739685059,17.2023868560791,21.21308135986328,8.31844425201416,13.650053024291992,7.734746932983398,21.671220779418945,12.790327072143555
2005-12-01,85.2653579711914,9.651469230651855,13.897784233093262,17.09442710876465,21.18610954284668,8.00808048248291,13.597505569458008,7.7322821617126465,22.347558975219727,12.616440773010254
2006-01-01,87.77580261230469,10.196640014648438,15.969850540161133,17.35801124572754,21.374467849731445,8.332996368408203,13.689483642578125,7.990081310272217,22.710857391357422,12.90612506866455
2006-02-01,88.27838897705078,9.978187561035156,14.496394157409668,17.727447509765625,22.039241790771484,8.352285385131836,13.806833267211914,8.094464302062988,22.972389221191406,12.99933910369873
2006-03-01,89.3798828125,10.392606735229492,15.066950798034668,17.68398094177246,22.927860260009766,8.541319847106934,13.847909927368164,7.662029266357422,22.604829788208008,13.07313346862793
2006-04-01,90.86881256103516,10.81480598449707,15.872719764709473,18.548965454101562,23.511062622070312,8.429445266723633,14.056364059448242,7.842250347137451,21.97686004638672,13.24287223815918
2006-05-01,88.1318130493164,10.378987312316895,15.431042671203613,17.849828720092773,23.109323501586914,7.881624221801758,14.085847854614258,7.969954013824463,21.515905380249023,13.021442413330078
2006-06-01,87.9728012084961,10.362846374511719,15.764382362365723,17.664127349853516,23.02081298828125,7.843043327331543,14.268709182739258,8.085131645202637,21.444982528686523,12.97094440460205
2006-07-01,88.75736999511719,10.042551040649414,16.352462768554688,18.173816680908203,21.768999099731445,7.638577461242676,14.570441246032715,8.544178009033203,22.697816848754883,12.566535949707031
2006-08-01,90.69426727294922,10.344803810119629,15.521590232849121,18.388086318969727,22.014751434326172,8.174824714660645,15.133808135986328,8.778990745544434,23.345508575439453,12.815686225891113
2006-09-01,92.73528289794922,10.283055305480957,14.90262508392334,19.019880294799805,22.758813858032227,8.487310409545898,15.050782203674316,8.582054138183594,23.62309455871582,13.605963706970215
2006-10-01,96.0787124633789,10.964496612548828,15.591544151306152,19.5758056640625,23.499649047851562,8.84088134765625,15.394377708435059,9.10944938659668,23.782320022583008,14.513631820678711
2006-11-01,97.98927307128906,11.441784858703613,16.92884635925293,19.713924407958984,24.075485229492188,9.092153549194336,15.263262748718262,9.351247787475586,23.753768920898438,14.696961402893066
2006-12-01,98.74933624267578,11.389473915100098,16.40287971496582,20.299606323242188,24.000085830688477,8.991643905639648,15.567216873168945,9.346151351928711,23.918025970458984,14.962188720703125
2007-01-01,100.7929916381836,11.980042457580566,16.300376892089844,20.6451473236084,24.698577880859375,9.225906372070312,15.963666915893555,9.397700309753418,24.73308753967285,15.446249008178711
2007-02-01,98.8156967163086,12.300609588623047,15.966450691223145,20.015995025634766,24.42215347290039,8.977083206176758,15.718073844909668,9.895963668823242,24.15972137451172,14.984349250793457
2007-03-01,99.56594848632812,12.574915885925293,16.91489601135254,19.837831497192383,24.567276000976562,9.066503524780273,15.963666915893555,10.196462631225586,24.116731643676758,14.886489868164062
2007-04-01,104.38871002197266,12.779668807983398,17.84030532836914,20.692930221557617,25.763153076171875,9.494168281555176,16.494356155395508,10.755043029785156,25.976547241210938,15.266447067260742
2007-05-01,107.92957305908203,13.534143447875977,19.228233337402344,21.190536499023438,27.099794387817383,9.972375869750977,16.717086791992188,10.80410385131836,26.42256736755371,15.725266456604004
2007-06-01,105.8951416015625,13.401771545410156,19.422483444213867,20.228862762451172,27.037458419799805,9.95294189453125,16.283660888671875,10.220520973205566,25.401060104370117,15.423315048217773
2007-07-01,103.02163696289062,13.103161811828613,19.481708526611328,18.495515823364258,27.364013671875,9.940470695495605,15.91759967803955,9.880392074584961,24.322938919067383,14.535233497619629
2007-08-01,104.34375762939453,13.013422012329102,19.716053009033203,18.973369598388672,27.370967864990234,10.131112098693848,16.29313087463379,10.036396980285645,24.879838943481445,14.625587463378906
2007-09-01,107.87159729003906,13.997330665588379,21.119293212890625,19.293804168701172,28.523576736450195,10.492941856384277,16.947275161743164,10.34841251373291,25.56692886352539,14.468451499938965
2007-10-01,109.85371398925781,14.645848274230957,21.712722778320312,19.102420806884766,28.297870635986328,11.071375846862793,17.30358123779297,11.115309715270996,26.135072708129883,14.426082611083984
2007-11-01,105.59883880615234,13.907873153686523,20.79836654663086,17.55632972717285,27.495349884033203,10.237127304077148,17.778648376464844,11.188629150390625,26.468948364257812,13.638836860656738
2007-12-01,103.85848236083984,13.924582481384277,22.462905883789062,16.3840274810791,27.32787322998047,10.393060684204102,17.541109085083008,11.083889961242676,25.627052307128906,12.871285438537598
2008-01-01,98.09696960449219,13.46707820892334,19.7535400390625,16.653305053710938,25.944093704223633,9.105507850646973,16.65160369873047,10.34780216217041,24.54773712158203,12.915724754333496
2008-02-01,95.5618667602539,13.777216911315918,21.584148406982422,14.761662483215332,25.418193817138672,8.674705505371094,16.60875129699707,9.92302131652832,23.89215850830078,12.416216850280762
2008-03-01,94.24076843261719,13.541244506835938,21.019351959228516,14.213033676147461,26.224571228027344,8.772616386413574,17.05565071105957,10.01008415222168,22.70484161376953,12.178359031677246
2008-04-01,99.22130584716797,14.30717658996582,23.26870346069336,15.33006763458252,27.11577796936035,9.323431015014648,17.017602920532227,10.597855567932129,23.033300399780273,12.484182357788086
2008-05-01,100.72119903564453,15.051095962524414,24.478397369384766,14.264274597167969,27.355241775512695,9.930631637573242,17.534591674804688,10.977869987487793,23.472312927246094,12.8255615234375
2008-06-01,91.84393310546875,14.111039161682129,25.18427848815918,11.671823501586914,23.95344352722168,8.974781036376953,16.46368408203125,10.815762519836426,22.374788284301758,11.305228233337402
2008-07-01,91.47393035888672,13.717079162597656,21.232585906982422,12.571500778198242,24.256685256958008,8.780388832092285,16.936996459960938,10.19453239440918,23.48628044128418,11.366142272949219
2008-08-01,92.88753509521484,13.503073692321777,21.303930282592773,12.449445724487305,24.921842575073242,8.937532424926758,17.39442253112793,10.082093238830566,23.971446990966797,12.150976181030273
2008-09-01,83.6557846069336,11.345979690551758,18.06481170654297,11.560198783874512,21.79422950744629,7.79824161529541,17.060625076293945,8.89612102508545,22.089609146118164,11.115153312683105
2008-10-01,70.24117279052734,8.857138633728027,14.716045379638672,9.1126708984375,17.914865493774414,6.563533782958984,15.011009216308594,7.808073043823242,19.642499923706055,9.187323570251465
2008-11-01,65.3519058227539,7.910600185394287,14.395387649536133,7.428611755371094,16.44211769104004,6.01164436340332,14.979889869689941,8.134870529174805,18.40191650390625,8.191831588745117
2008-12-01,65.4607162475586,7.7704973220825195,13.676765441894531,7.346463203430176,16.662673950195312,6.0747175216674805,14.855424880981445,7.840479850769043,19.605579376220703,8.623611450195312
2009-01-01,60.573238372802734,7.283995151519775,13.50308895111084,5.502782821655273,14.805919647216797,5.81790828704834,13.90270709991455,7.92587947845459,19.48728370666504,7.766655445098877
2009-02-01,54.06471633911133,6.699477195739746,11.836786270141602,4.526096343994141,12.284382820129395,5.595972537994385,12.779189109802246,6.933091640472412,17.07274055480957,7.061692237854004
2009-03-01,58.152645111083984,7.681739330291748,12.219547271728516,5.246700286865234,13.23983383178711,6.190447807312012,13.243660926818848,6.987791061401367,17.986547470092773,7.915701866149902
2009-04-01,64.387451171875,8.932473182678223,13.242722511291504,6.45422887802124,15.782818794250488,6.870909690856934,13.89034366607666,7.147940158843994,18.075664520263672,9.432581901550293
2009-05-01,68.151123046875,9.454431533813477,14.949417114257812,7.35650110244751,16.31230926513672,7.030229568481445,14.597488403320312,7.4023332595825195,19.309114456176758,9.363730430603027
2009-06-01,67.72396087646484,8.977705955505371,13.899362564086914,7.188074588775635,15.927892684936523,7.253286838531494,14.515409469604492,7.71203088760376,19.667932510375977,9.347530364990234
2009-07-01,73.18766021728516,10.186878204345703,14.717609405517578,7.866033554077148,17.43622398376465,7.8822832107543945,15.599923133850098,8.093609809875488,20.93880844116211,10.27820873260498
2009-08-01,75.89115142822266,10.428256034851074,14.877522468566895,8.887831687927246,18.268600463867188,8.0103178024292,15.790789604187012,8.174717903137207,21.50227165222168,10.640203475952148
2009-09-01,78.20952606201172,10.823558807373047,15.677071571350098,9.032938003540039,19.232397079467773,8.350417137145996,16.197959899902344,8.202682495117188,21.53985023498535,11.173028945922852
2009-10-01,77.07130432128906,10.306464195251465,16.135129928588867,8.521160125732422,18.563621520996094,8.276969909667969,16.550691604614258,8.02176284790039,21.181787490844727,10.944090843200684
2009-11-01,81.81941223144531,11.416500091552734,16.593639373779297,8.891119956970215,20.193157196044922,8.734796524047852,17.159414291381836,8.408862113952637,23.15131378173828,11.67859172821045
2009-12-01,82.93573760986328,11.588626861572266,16.649118423461914,8.733436584472656,20.398696899414062,9.208683967590332,16.960779190063477,8.76487922668457,23.44561004638672,12.147862434387207
2010-01-01,80.35192108154297,10.646023750305176,16.002729415893555,8.63193130493164,20.228322982788086,8.447751998901367,16.9467716217041,8.442935943603516,23.734453201293945,11.861403465270996
2010-02-01,82.85846710205078,11.126401901245117,16.484285354614258,8.936302185058594,21.306962966918945,8.741976737976074,17.48362922668457,8.331425666809082,23.825510025024414,12.521968841552734
2010-03-01,87.5423583984375,11.981189727783203,16.889488220214844,9.70940113067627,23.080078125,9.310264587402344,18.065776824951172,8.4801025390625,24.379404067993164,13.473833084106445
2010-04-01,89.2627182006836,12.031965255737305,17.652843475341797,9.859659194946289,24.145132064819336,9.457161903381348,17.94744300842285,8.780586242675781,23.50937843322754,14.313457489013672
2010-05-01,82.17037963867188,10.885053634643555,15.631509780883789,8.956670761108398,21.943387985229492,8.749593734741211,17.11600112915039,8.295980453491211,21.979137420654297,13.306336402893066
2010-06-01,77.5499038696289,10.04256820678711,14.63852310180664,8.425860404968262,20.334699630737305,8.248234748840332,16.563867568969727,8.151756286621094,21.469058990478516,11.974469184875488
2010-07-01,83.24072265625,11.381148338317871,15.936624526977539,8.99383544921875,22.565366744995117,8.894158363342285,17.650976181030273,8.852799415588379,21.861289978027344,12.9656982421875
2010-08-01,79.49652099609375,11.036267280578613,15.155179977416992,8.290719032287598,21.000913619995117,8.39508056640625,17.32386016845703,8.981057167053223,21.501663208007812,12.450206756591797
2010-09-01,86.15455627441406,11.654921531677246,16.593738555908203,8.773730278015137,23.302888870239258,9.34048843383789,18.239774703979492,9.147210121154785,23.330440521240234,13.778115272521973
2010-10-01,89.9246826171875,12.62495231628418,17.615636825561523,8.922127723693848,24.09554672241211,9.91585922241211,18.95627212524414,9.341167449951172,23.973426818847656,14.587787628173828
2010-11-01,89.9246826171875,12.766439437866211,18.64748191833496,8.860854148864746,24.417518615722656,9.752967834472656,18.659772872924805,9.058460235595703,23.281213760375977,14.9559965133667
2010-12-01,95.43449401855469,13.93460464477539,20.29484748840332,9.773900985717773,26.10974884033203,10.25792407989502,19.31208038330078,9.229263305664062,24.227237701416016,15.477293968200684
2011-01-01,98.1717300415039,14.058877944946289,21.84868812561035,10.08608627319336,27.274206161499023,10.621757507324219,19.19493293762207,9.45300006866455,24.4920711517334,15.472855567932129
2011-02-01,101.5819320678711,14.431933403015137,23.45859146118164,10.36284065246582,27.85370635986328,10.854706764221191,19.75322914123535,9.569228172302246,25.25745391845703,16.400896072387695
2011-03-01,101.15469360351562,14.636737823486328,23.819997787475586,10.079939842224121,28.350419998168945,10.650364875793457,19.886159896850586,9.497706413269043,25.597620010375977,16.25107192993164
2011-04-01,104.5364761352539,14.996978759765625,24.118961334228516,10.100153923034668,29.253549575805664,10.965205192565918,21.068817138671875,9.97959041595459,27.368465423583984,16.931867599487305
2011-05-01,103.36414337158203,14.586004257202148,23.1090087890625,9.767182350158691,28.444719314575195,10.850382804870605,21.59687614440918,10.193268775939941,28.04413414001465,16.88593101501465
2011-06-01,101.11905670166016,14.446561813354492,22.581554412841797,9.465041160583496,28.14992332458496,10.538735389709473,20.87497901916504,10.07589340209961,27.593687057495117,16.789897918701172
2011-07-01,99.58757019042969,14.025543212890625,22.995698928833008,9.158679008483887,26.344772338867188,10.626226425170898,20.75213050842285,10.084356307983398,26.62849235534668,16.614524841308594
2011-08-01,94.1126480102539,13.040329933166504,20.6464900970459,8.27994155883789,24.61276626586914,10.062183380126953,20.792510986328125,10.303251266479492,26.066579818725586,15.742949485778809
2011-09-01,87.12849426269531,10.833732604980469,17.599454879760742,7.308376312255859,22.197072982788086,9.716346740722656,19.964582443237305,10.221166610717773,24.763248443603516,14.607372283935547
2011-10-01,97.13827514648438,12.779531478881836,21.050674438476562,8.386656761169434,25.529714584350586,10.749312400817871,21.042816162109375,10.703279495239258,26.332595825195312,16.406574249267578
2011-11-01,96.74358367919922,12.805498123168945,21.400972366333008,7.958003520965576,25.88873863220215,10.588132858276367,21.625825881958008,10.813841819763184,26.58368492126465,16.288837432861328
2011-12-01,97.13827514648438,12.427118301391602,20.875526428222656,8.07603931427002,25.781801223754883,10.517873764038086,22.025802612304688,11.05033016204834,27.21924591064453,16.406574249267578
2012-01-01,102.28765869140625,13.888250350952148,21.436967849731445,8.79049301147461,27.854047775268555,11.219731330871582,21.910255432128906,10.770363807678223,28.24774742126465,17.474491119384766
2012-02-01,106.72754669189453,13.809808731079102,22.70759391784668,9.228139877319336,28.630760192871094,12.016691207885742,22.731128692626953,10.835582733154297,28.547574996948242,18.26531982421875
2012-03-01,109.6795883178711,13.809808731079102,21.758413314819336,9.878361701965332,28.776884078979492,12.51894474029541,23.31257438659668,10.882168769836426,29.675905227661133,19.068851470947266
2012-04-01,109.42486572265625,13.749905586242676,21.687198638916016,9.677835464477539,28.59428596496582,12.41756534576416,23.504756927490234,11.177164077758789,29.74636459350586,19.3481502532959
2012-05-01,102.85330200195312,12.681260108947754,19.370534896850586,8.787199974060059,26.786376953125,11.630536079406738,23.22968292236328,11.239850997924805,28.667875289916992,18.283382415771484
2012-06-01,106.47550201416016,13.232453346252441,20.204648971557617,9.182337760925293,27.558992385864258,11.963668823242188,23.91048812866211,11.594038009643555,30.142887115478516,18.57184410095215
2012-07-01,108.29330444335938,13.134522438049316,21.30557632446289,9.239096641540527,27.79807472229004,12.231682777404785,24.670602798461914,11.996147155761719,30.60832405090332,18.535327911376953
2012-08-01,111.00633239746094,13.43989086151123,21.880657196044922,9.554210662841797,28.225034713745117,12.745866775512695,24.55289077758789,11.499472618103027,30.96710968017578,19.39099884033203
2012-09-01,113.21607971191406,13.873432159423828,22.461864471435547,9.825209617614746,28.35698699951172,12.887999534606934,24.80908203125,11.512128829956055,31.98764991760254,19.918882369995117
2012-10-01,111.74908447265625,13.654287338256836,22.1046085357666,10.062211036682129,28.50929069519043,12.118505477905273,24.677387237548828,11.796980857849121,32.07452392578125,19.680816650390625
2012-11-01,112.38151550292969,13.908202171325684,21.834209442138672,9.973614692687988,29.009307861328125,12.227638244628906,25.130647659301758,11.291852951049805,32.2427864074707,20.304521560668945
2012-12-01,112.58709716796875,14.226531982421875,21.9448299407959,10.372305870056152,29.610904693603516,12.110113143920898,24.335725784301758,11.163966178894043,31.95433235168457,20.26606559753418
2013-01-01,119.18980407714844,14.918128967285156,23.888011932373047,11.06774616241455,31.543825149536133,12.411978721618652,25.997854232788086,11.826666831970215,34.56783676147461,21.552595138549805
2013-02-01,120.7105712890625,14.715499877929688,23.993013381958008,11.2014799118042,32.24428939819336,12.509076118469238,26.858112335205078,12.101483345031738,35.00286102294922,21.89653968811035
2013-03-01,124.73929595947266,14.979307174682617,24.493324279785156,11.596299171447754,32.86602020263672,12.779272079467773,28.042709350585938,12.641413688659668,37.01683044433594,22.7865047454834
2013-04-01,127.70134735107422,15.183043479919434,24.280460357666016,11.948486328125,32.76362609863281,13.056192398071289,29.010334014892578,13.511054039001465,38.293556213378906,23.548965454101562
2013-05-01,130.71627807617188,15.470965385437012,24.97223663330078,12.676898002624512,34.40772247314453,13.420745849609375,28.379674911499023,12.288116455078125,38.92464828491211,24.200105667114258
2013-06-01,128.29312133789062,14.722365379333496,24.28976821899414,12.427703857421875,33.704219818115234,12.96717357635498,28.11039924621582,12.271810531616211,38.52008819580078,24.320858001708984
2013-07-01,135.63687133789062,15.659042358398438,25.690383911132812,13.14499282836914,35.8785285949707,13.518338203430176,29.5206356048584,12.935073852539062,41.46592712402344,25.6835994720459
2013-08-01,131.5688018798828,15.639710426330566,25.425447463989258,12.471381187438965,34.98872756958008,13.377744674682617,28.179771423339844,12.289311408996582,40.00300216674805,24.952503204345703
2013-09-01,135.07403564453125,16.250900268554688,25.843124389648438,12.772900581359863,36.871620178222656,13.650415420532227,28.38658332824707,12.31236743927002,41.116451263427734,26.228673934936523
2013-10-01,142.01771545410156,17.016536712646484,27.05274772644043,13.248353958129883,38.80535888671875,14.405736923217773,30.396350860595703,12.899314880371094,43.065120697021484,27.511825561523438
2013-11-01,146.22682189941406,17.238136291503906,27.068401336669922,13.834454536437988,40.22602844238281,14.850967407226562,30.870073318481445,12.649845123291016,45.097206115722656,28.462003707885742
2013-12-01,149.20791625976562,17.969026565551758,27.71661376953125,14.079194068908691,41.71055221557617,15.300479888916016,30.84854507446289,12.629889488220215,45.244110107421875,28.995664596557617
2014-01-01,144.73008728027344,17.229305267333984,26.231786727905273,13.627731323242188,40.13411331176758,14.980104446411133,29.477548599243164,13.144979476928711,45.856536865234375,27.36504554748535
2014-02-01,151.31761169433594,18.418615341186523,27.575162887573242,14.041865348815918,41.762569427490234,15.638327598571777,30.62742805480957,13.598840713500977,48.7082405090332,29.116201400756836
2014-03-01,151.9024200439453,18.496864318847656,28.01875114440918,14.45600700378418,41.97917556762695,15.638327598571777,31.140905380249023,13.938387870788574,47.929744720458984,28.192710876464844
2014-04-01,153.6334991455078,18.723922729492188,29.63614273071289,14.262775421142578,42.72602844238281,15.748819351196289,32.15679931640625,14.647757530212402,47.79130935668945,27.896883010864258
2014-05-01,157.19879150390625,19.27774429321289,30.13250160217285,14.477100372314453,43.547847747802734,16.340747833251953,32.73828887939453,14.488435745239258,49.164554595947266,28.70092010498047
2014-06-01,159.67897033691406,19.497703552246094,31.646873474121094,14.769369125366211,43.55590057373047,16.569740295410156,32.43299865722656,15.003705978393555,50.019718170166016,29.164121627807617
2014-07-01,158.28811645507812,19.19831657409668,30.69167709350586,14.612646102905273,41.94975280761719,16.928279876708984,31.572227478027344,14.102913856506348,50.27360916137695,28.884716033935547
2014-08-01,164.53472900390625,19.940196990966797,31.36183738708496,15.232098579406738,43.72227096557617,17.483875274658203,33.02863311767578,14.796953201293945,52.708457946777344,30.169160842895508
2014-09-01,161.50978088378906,19.569257736206055,28.78276252746582,15.108210563659668,43.018104553222656,17.318931579589844,33.01399612426758,14.390105247497559,52.74974060058594,29.235414505004883
2014-10-01,166.08624267578125,19.18824577331543,27.909259796142578,15.60933780670166,44.89620590209961,17.672466278076172,34.40147399902344,15.685808181762695,55.72092056274414,29.953388214111328
2014-11-01,170.64894104003906,19.489543914794922,25.482925415039062,15.976004600524902,46.27863311767578,18.522523880004883,36.308982849121094,15.868639945983887,57.65917205810547,31.585220336914062
2014-12-01,169.28179931640625,19.25960350036621,25.2722225189209,16.19207000732422,46.01028823852539,18.025562286376953,35.712432861328125,16.289501190185547,56.640350341796875,31.734764099121094
2015-01-01,165.1726837158203,19.025941848754883,24.26953125,15.14285659790039,44.62494659423828,17.48395538330078,35.62061309814453,16.817546844482422,57.58991241455078,30.912322998046875
2015-02-01,174.45619201660156,20.541948318481445,25.384231567382812,16.024707794189453,47.01280975341797,18.881790161132812,37.09675216674805,15.742087364196777,60.05913543701172,33.553489685058594
2015-03-01,170.95314025878906,19.460792541503906,24.921649932861328,15.8667631149292,45.606266021728516,18.158769607543945,36.154685974121094,15.463652610778809,60.27530288696289,33.27965545654297
2015-04-01,173.4048614501953,20.191150665283203,26.740434646606445,15.939207077026367,45.7008056640625,18.73467445373535,36.09996032714844,15.51174545288086,59.785255432128906,33.373687744140625
2015-05-01,175.63417053222656,20.267240524291992,25.352956771850586,16.249664306640625,45.84867858886719,19.0822696685791,36.413414001464844,15.60996150970459,62.47814178466797,33.81242370605469
2015-06-01,171.23382568359375,19.378215789794922,24.308303833007812,16.104347229003906,44.41102981567383,18.215496063232422,35.52528762817383,14.5435791015625,62.01959228515625,33.89218521118164
2015-07-01,175.95355224609375,18.485187530517578,22.587993621826172,16.72540855407715,44.76364517211914,18.818967819213867,37.78055953979492,15.571420669555664,64.07372283935547,35.662540435791016
2015-08-01,165.22915649414062,17.44325828552246,21.627565383911133,15.544480323791504,42.34464645385742,17.78034019470215,35.5276985168457,15.029838562011719,58.970577239990234,33.333045959472656
2015-09-01,160.18040466308594,16.05938720703125,19.92483901977539,15.0336332321167,41.188819885253906,17.457712173461914,35.43757247924805,15.323641777038574,55.406742095947266,33.01296615600586
2015-10-01,174.70889282226562,18.316986083984375,22.311853408813477,16.053842544555664,45.047000885009766,19.378856658935547,37.69929504394531,15.632694244384766,59.89799880981445,36.131629943847656
2015-11-01,175.34750366210938,18.49903678894043,22.30856704711914,16.373849868774414,45.43712615966797,19.5164852142334,37.351627349853516,15.30038833618164,59.70486831665039,36.04685592651367
2015-12-01,171.29757690429688,17.564571380615234,19.7831974029541,15.887175559997559,44.00112533569336,19.014812469482422,38.16032409667969,15.464754104614258,60.47734069824219,34.877716064453125
2016-01-01,163.7379913330078,15.801013946533203,19.26410675048828,14.571189880371094,41.74630355834961,18.4008731842041,38.64698791503906,16.39719581604004,56.04548263549805,33.20726776123047
2016-02-01,163.6027374267578,17.035905838012695,18.724672317504883,14.148547172546387,43.525047302246094,18.280405044555664,38.76881408691406,16.71488380432129,55.8431282043457,33.35513687133789
2016-03-01,173.71168518066406,18.262659072875977,20.481969833374023,15.094472885131836,46.322608947753906,19.792985916137695,40.39813995361328,17.913442611694336,57.15003204345703,35.44319152832031
2016-04-01,175.29579162597656,19.262592315673828,22.498043060302734,15.707276344299316,47.139442443847656,18.89301109313965,40.024192810058594,17.611671447753906,59.05591583251953,35.634056091308594
2016-05-01,178.27786254882812,19.197160720825195,22.288055419921875,16.00377082824707,46.9379997253418,19.816808700561523,40.29969787597656,17.87718963623047,60.375980377197266,35.65205764770508
2016-06-01,177.97198486328125,18.951772689819336,22.744680404663086,15.404047966003418,47.01354217529297,19.449085235595703,42.205238342285156,19.084758758544922,60.680606842041016,35.12114334106445
2016-07-01,185.4221954345703,20.01243782043457,22.605918884277344,16.021587371826172,48.986080169677734,20.931713104248047,42.112709045410156,19.11252784729004,63.889991760253906,36.85319900512695
2016-08-01,185.64419555664062,19.959001541137695,22.985042572021484,16.638072967529297,49.450279235839844,21.1750545501709,41.86635208129883,18.05275535583496,61.81696319580078,36.374595642089844
2016-09-01,184.721923828125,19.626079559326172,23.689584732055664,16.0949649810791,49.273033142089844,21.53104591369629,40.96556091308594,17.964750289916992,61.26472854614258,36.13979721069336
2016-10-01,182.43624877929688,19.314111709594727,23.16109275817871,16.540603637695312,48.549442291259766,21.45720672607422,40.901695251464844,18.280668258666992,57.45069885253906,35.398311614990234
2016-11-01,189.1569061279297,20.632009506225586,25.12212371826172,18.861644744873047,52.96226119995117,21.493412017822266,39.181949615478516,17.289525985717773,58.63621520996094,37.09796142578125
2016-12-01,191.86061096191406,20.532861709594727,25.422517776489258,19.481700897216797,52.80101776123047,21.88256072998047,40.05731964111328,17.962614059448242,58.79826736450195,36.894004821777344
2017-01-01,196.44500732421875,21.608304977416992,24.735788345336914,19.62066650390625,54.114784240722656,22.760848999023438,41.042850494384766,18.364280700683594,60.409706115722656,38.67628860473633
2017-02-01,204.1636199951172,21.728912353515625,24.220033645629883,20.656003952026367,56.23225021362305,23.792545318603516,43.00172424316406,19.331417083740234,64.23883819580078,39.37841033935547
2017-03-01,203.53335571289062,21.79544448852539,23.717857360839844,19.974205017089844,55.5491943359375,24.228858947753906,42.595916748046875,19.159650802612305,63.69914627075195,40.0987663269043
2017-04-01,206.44793701171875,22.139371871948242,23.156946182250977,19.876440048217773,56.89961242675781,24.81035041809082,43.29069900512695,19.451990127563477,64.91020202636719,41.1836051940918
2017-05-01,209.36148071289062,22.1435489654541,22.337724685668945,19.639915466308594,57.911712646484375,25.791269302368164,44.43610763549805,20.257160186767578,65.4088363647461,41.63632583618164
2017-06-01,209.67367553710938,22.448074340820312,22.160221099853516,20.839427947998047,58.41773986816406,24.965469360351562,43.1024055480957,19.54981231689453,68.12562561035156,40.986961364746094
2017-07-01,215.0268096923828,22.901124954223633,22.897062301635742,21.275272369384766,58.8665771484375,26.18377113342285,43.73517990112305,20.186344146728516,68.95719909667969,41.90549850463867
2017-08-01,215.6542510986328,23.081350326538086,21.64257049560547,20.94457244873047,58.9958381652832,26.94875717163086,43.2529296875,20.850116729736328,70.16561126708984,41.125732421875
2017-09-01,218.9131317138672,23.80644416809082,23.53633689880371,21.928205490112305,61.18470764160156,27.07244110107422,42.67580032348633,20.121864318847656,70.54540252685547,41.31837463378906
2017-10-01,225.1836395263672,24.861717224121094,23.64780044555664,22.64975357055664,61.923301696777344,28.93906593322754,42.235626220703125,21.06647491455078,70.26795196533203,42.34374237060547
2017-11-01,232.06658935546875,25.097692489624023,24.06218719482422,23.43313217163086,64.50308990478516,29.34821319580078,44.5904426574707,21.632122039794922,72.3125,44.488773345947266
2017-12-01,233.6865234375,25.50643539428711,25.162559509277344,23.76521873474121,65.50727081298828,29.398780822753906,45.25871276855469,20.133922576904297,71.62809753417969,45.42781448364258
2018-01-01,248.1187286376953,26.656261444091797,26.238018035888672,25.441055297851562,69.39701080322266,31.584821701049805,46.34043884277344,19.688962936401367,76.62870025634766,49.79471969604492
2018-02-01,239.09707641601562,25.250402450561523,23.395130157470703,24.696813583374023,66.7161636352539,31.45562744140625,42.805999755859375,18.925174713134766,73.18434143066406,48.06731414794922
2018-03-01,231.6156005859375,24.111310958862305,23.62999725341797,23.584732055664062,64.6620101928711,30.186702728271484,42.18086624145508,19.49222755432129,70.80110168457031,46.783302307128906
2018-04-01,233.74508666992188,24.233190536499023,26.057668685913086,23.56756019592285,63.1136474609375,30.29965591430664,40.66078186035156,20.044078826904297,71.80047607421875,48.03743362426758
2018-05-01,239.42727661132812,24.730527877807617,26.837881088256836,23.33574676513672,65.05370330810547,32.35480499267578,40.024078369140625,19.822486877441406,71.93142700195312,48.9916877746582
2018-06-01,239.7277374267578,24.683765411376953,26.80964469909668,22.82918930053711,62.598018646240234,32.155765533447266,41.53123474121094,20.199575424194336,72.84793853759766,50.63154220581055
2018-07-01,249.72508239746094,25.507568359375,27.41013526916504,24.100788116455078,67.49057006835938,32.94321823120117,43.50969696044922,20.705814361572266,77.90996551513672,51.67951583862305
2018-08-01,257.69622802734375,25.31113052368164,26.457611083984375,24.42845344543457,67.64850616455078,35.11711883544922,43.68024444580078,20.9725341796875,81.28287506103516,54.317588806152344
2018-09-01,258.06024169921875,24.73888397216797,26.919647216796875,23.78174591064453,68.78913116455078,34.9917106628418,43.80208206176758,20.650901794433594,83.35919952392578,54.44300842285156
2018-10-01,241.3146514892578,22.573976516723633,24.03426742553711,22.761310577392578,61.60979461669922,32.29985809326172,44.994842529296875,21.248144149780273,78.01138305664062,49.090171813964844
2018-11-01,245.7908477783203,23.432138442993164,23.65850830078125,23.358930587768555,63.95498275756836,31.665977478027344,46.01726531982422,22.00008201599121,84.3174057006836,50.3060188293457
2018-12-01,222.84799194335938,21.67719841003418,20.523595809936523,20.630685806274414,56.78715515136719,28.888084411621094,41.53495788574219,20.943410873413086,76.08529663085938,46.1227912902832
2019-01-01,242.09597778320312,23.040395736694336,23.03818130493164,22.60692024230957,63.667049407958984,31.026355743408203,44.06938934326172,21.855674743652344,80.10595703125,50.87264633178711
2019-02-01,249.94371032714844,23.774578094482422,23.569164276123047,23.11239242553711,67.72107696533203,33.17029571533203,44.85355758666992,22.753684997558594,80.97179412841797,51.541404724121094
2019-03-01,253.3519287109375,23.968921661376953,23.883419036865234,22.406469345092773,66.55901336669922,34.640159606933594,46.31455612182617,23.21666145324707,81.06015014648438,53.243709564208984
2019-04-01,264.8634948730469,24.91824722290039,24.067094802856445,24.54431915283203,69.60143280029297,36.9640007019043,47.89621353149414,23.60597038269043,79.15391540527344,56.34418487548828
2019-05-01,247.9728546142578,22.879674911499023,21.39499855041504,22.783647537231445,64.28387451171875,33.76117706298828,46.153316497802734,23.42101287841797,77.39810180664062,52.05983352661133
2019-06-01,263.94464111328125,25.373672485351562,23.193384170532227,24.176416397094727,69.07502746582031,36.64936065673828,48.19499969482422,23.97588348388672,82.1512451171875,55.935943603515625
2019-07-01,269.2384948730469,25.45560646057129,23.03404426574707,24.87187385559082,69.73387908935547,38.0654411315918,49.699649810791016,24.13485336303711,81.16590881347656,56.84453201293945
2019-08-01,264.73052978515625,24.73565673828125,21.116376876831055,23.700912475585938,67.8879165649414,37.48105239868164,50.778438568115234,25.362876892089844,80.68498229980469,56.30772018432617
2019-09-01,268.6410217285156,25.39451789855957,21.748252868652344,24.651763916015625,69.56361389160156,37.95234298706055,51.36382293701172,26.238298416137695,80.26643371582031,56.835105895996094
2019-10-01,275.84722900390625,25.51780891418457,21.487459182739258,25.396879196166992,70.72502136230469,39.55500030517578,51.448978424072266,26.2410888671875,84.73129272460938,57.09451675415039
2019-11-01,285.8324279785156,26.32908058166504,21.832233428955078,26.68000030517578,73.90499114990234,41.67765808105469,52.15560531616211,25.7509822845459,88.9701156616211,57.85041809082031
2019-12-01,292.6983947753906,26.934247970581055,22.258573532104492,27.23748779296875,73.39151000976562,43.3370246887207,52.980003356933594,26.392202377319336,91.08952331542969,59.253578186035156
2020-01-01,294.01861572265625,25.41156005859375,20.603313446044922,26.646827697753906,73.4304428100586,45.21430206298828,53.583614349365234,28.392946243286133,89.60372161865234,59.40153503417969
2020-02-01,270.742431640625,23.24652671813965,17.453453063964844,23.649505615234375,66.16071319580078,41.91324234008789,49.18191909790039,25.593997955322266,83.70182800292969,54.903289794921875
2020-03-01,235.54940795898438,19.86008071899414,11.203826904296875,18.517589569091797,53.422882080078125,38.118900299072266,46.196571350097656,22.807382583618164,80.05948638916016,46.48980712890625
2020-04-01,267.021240234375,23.02898406982422,14.978403091430664,20.441608428955078,58.58186721801758,43.58146667480469,49.693878173828125,23.804824829101562,90.57443237304688,55.53641891479492
2020-05-01,279.7435302734375,24.61366081237793,15.277966499328613,20.997726440429688,61.73859405517578,46.70907974243164,50.52126693725586,24.815048217773438,93.55329895019531,59.151527404785156
2020-06-01,283.45733642578125,25.013166427612305,14.919278144836426,20.75554656982422,62.678306579589844,49.81761169433594,50.018009185791016,23.45976448059082,90.8832015991211,60.828102111816406
2020-07-01,301.4715576171875,26.94038200378418,14.384003639221191,21.691329956054688,65.7332763671875,52.79472351074219,53.89781951904297,25.500125885009766,96.24795532226562,65.40489959716797
2020-08-01,322.5132141113281,28.114227294921875,14.232300758361816,22.62108039855957,71.30500793457031,59.06718063354492,56.37351989746094,24.83778190612793,98.73784637451172,71.6541748046875
2020-09-01,309.199462890625,28.404335021972656,11.956729888916016,21.72743797302246,70.54438018798828,55.79231262207031,55.10127258300781,24.892274856567383,96.20236206054688,70.1694107055664
2020-10-01,302.6968688964844,28.33180809020996,11.654316902160645,21.65633773803711,69.7973861694336,53.117698669433594,53.838279724121094,26.374784469604492,93.08704376220703,68.40049743652344
2020-11-01,335.623291015625,31.83403968811035,14.916879653930664,25.305055618286133,80.98409271240234,59.164466857910156,57.85927963256836,26.569271087646484,100.48564147949219,75.23719787597656
2020-12-01,346.5802307128906,32.46183776855469,15.379478454589844,26.757286071777344,81.46247863769531,62.29806137084961,58.32624435424805,26.510080337524414,103.87362670898438,76.9212417602539
2021-01-01,344.5106506347656,31.835369110107422,16.169099807739258,26.417173385620117,78.3076400756836,61.919654846191406,55.884727478027344,26.499608993530273,105.76382446289062,77.65337371826172
2021-02-01,354.0899963378906,33.146820068359375,19.80015754699707,29.48320960998535,83.70245361328125,62.76492691040039,55.19586181640625,24.88361930847168,103.53878784179688,77.24115753173828
2021-03-01,368.95703125,35.51283264160156,20.174365997314453,31.07097625732422,90.94477844238281,63.7830696105957,59.564456939697266,27.305465698242188,107.33609008789062,80.55801391601562
2021-04-01,389.7510986328125,37.58170700073242,20.525558471679688,33.23427200317383,94.44926452636719,67.23367309570312,60.99992370605469,28.66058921813965,111.94352722167969,85.89479064941406
2021-05-01,392.3101806640625,39.4915771484375,21.69749641418457,34.819923400878906,97.40515899658203,66.60801696777344,62.07823944091797,27.99046516418457,114.03791046142578,82.97593688964844
2021-06-01,399.80072021484375,37.25132369995117,22.387365341186523,33.62839889526367,94.88478088378906,71.06458282470703,61.341827392578125,27.16141128540039,116.20612335205078,85.71717834472656
2021-07-01,410.90081787109375,38.190311431884766,20.735326766967773,33.605167388916016,96.07719421386719,73.96243286132812,63.09915542602539,28.558515548706055,122.40227508544922,86.74819946289062
2021-08-01,423.1291809082031,38.91302490234375,20.3196964263916,35.33511734008789,97.14614868164062,76.5949935913086,63.76094055175781,29.67106819152832,125.2365493774414,88.29630279541016
2021-09-01,402.1207275390625,35.95853042602539,21.868865966796875,34.53456115722656,90.94612121582031,71.99524688720703,60.74317169189453,27.653743743896484,117.91002655029297,86.27700805664062
2021-10-01,431.7135925292969,38.85944747924805,24.420671463012695,37.20705795288086,97.4412612915039,78.01934051513672,63.26156234741211,29.18476104736328,124.3858413696289,96.85472869873047
2021-11-01,428.244873046875,38.6448860168457,23.19687271118164,35.08146667480469,93.97221374511719,81.49212646484375,62.40918731689453,28.687511444091797,120.58415985107422,98.43888092041016
2021-12-01,446.481689453125,41.36576843261719,23.583560943603516,36.08881378173828,98.6722183227539,83.97958374023438,68.46453094482422,31.221729278564453,130.95741271972656,98.43888092041016
2022-01-01,424.41949462890625,38.748958587646484,28.3740177154541,36.27099609375,94.29862976074219,78.37984466552734,67.9147720336914,30.44284439086914,122.44718170166016,89.1877212524414
2022-02-01,411.8918762207031,38.257999420166016,30.37982940673828,35.769554138183594,93.50299072265625,74.55691528320312,66.95821380615234,29.862564086914062,121.26220703125,85.5613784790039
2022-03-01,426.051513671875,40.446659088134766,32.90215301513672,35.583839416503906,96.3954086303711,76.90876007080078,67.8432388305664,32.733192443847656,127.82169342041016,89.21180725097656
2022-04-01,389.8647766113281,39.1619987487793,32.656314849853516,32.171260833740234,89.35298156738281,68.56185150146484,69.7225112915039,31.535776138305664,121.9493179321289,78.66566467285156
2022-05-01,390.7448425292969,39.622562408447266,37.892608642578125,33.06621170043945,88.93974304199219,68.0915756225586,66.87577819824219,32.89439010620117,123.76515197753906,74.63771057128906
2022-06-01,356.98175048828125,33.89771270751953,31.07455062866211,29.318645477294922,82.02742767333984,61.62905502319336,64.81930541992188,31.035690307617188,120.03056335449219,66.39830017089844
2022-07-01,391.53936767578125,36.23314666748047,34.45943069458008,31.592988967895508,90.2169189453125,70.10101318359375,67.39605712890625,32.98810958862305,124.44738006591797,78.82335662841797
2022-08-01,375.56378173828125,34.97174835205078,35.37342834472656,30.97443962097168,87.66058349609375,65.74581146240234,66.14747619628906,33.16207504272461,117.26629638671875,75.2798843383789
2022-09-01,339.4500427246094,31.53995704650879,31.64712905883789,28.453378677368164,78.1427230834961,57.73537826538086,60.37506103515625,29.22313690185547,113.8355484008789,68.95772552490234
2022-10-01,368.54681396484375,34.549259185791016,39.97911834716797,32.0135612487793,89.42610168457031,62.30721664428711,66.24081420898438,29.991436004638672,125.27374267578125,69.86856842041016
2022-11-01,389.034912109375,38.59275436401367,40.48997116088867,34.2087287902832,96.41146850585938,66.24923706054688,70.29322814941406,32.07978820800781,131.19061279296875,70.90666961669922
2022-12-01,364.9396667480469,36.22822189331055,38.85527420043945,32.22084045410156,93.08465576171875,60.63587951660156,67.88909149169922,31.66212272644043,128.1991729736328,62.65517807006836
2023-01-01,389.6709899902344,39.7346305847168,40.35947799682617,34.660247802734375,96.99543762207031,66.43946838378906,67.63301849365234,31.282756805419922,126.3677978515625,72.33165740966797
2023-02-01,379.8735656738281,38.41091537475586,37.55903625488281,33.8638916015625,96.15740203857422,66.71311950683594,66.06462860107422,29.430877685546875,120.50235748291016,70.79457092285156
2023-03-01,392.46063232421875,37.861717224121094,37.17308044433594,30.479402542114258,96.35738372802734,73.7939453125,68.52268981933594,30.64886474609375,122.67228698730469,72.74027252197266
2023-04-01,400.25189208984375,37.97453308105469,38.60402297973633,31.602462768554688,95.62435150146484,73.86869049072266,71.36803436279297,31.463153839111328,127.02238464355469,72.14254760742188
2023-05-01,402.099609375,35.36746597290039,34.73137283325195,30.259103775024414,92.6121826171875,80.4557876586914,66.9720458984375,29.615875244140625,121.60018920898438,73.97220611572266
2023-06-01,426.57098388671875,39.068275451660156,36.80827331542969,32.116947174072266,102.6240463256836,85.1475830078125,68.35443115234375,29.84849739074707,126.26138305664062,82.85220336914062
2023-07-01,442.1704406738281,40.61008834838867,40.01908874511719,33.811424255371094,106.01063537597656,87.52949523925781,70.30581665039062,30.838027954101562,128.1374969482422,84.94020080566406
2023-08-01,434.9842834472656,39.269371032714844,40.67784118652344,32.90226364135742,103.90811157226562,86.2093276977539,67.53069305419922,28.948305130004883,127.23963928222656,83.45885467529297
2023-09-01,412.8946228027344,37.21328353881836,41.35031509399414,31.74427032470703,97.3316421508789,80.45252227783203,63.86458969116211,27.09535789489746,122.96998596191406,78.70193481445312
2023-10-01,405.35601806640625,36.20734405517578,39.25907897949219,31.107515335083008,94.8169174194336,80.66372680664062,63.40970230102539,27.66718864440918,119.4461441040039,74.49284362792969
2023-11-01,442.3828430175781,39.23017501831055,38.977962493896484,34.510501861572266,103.19389343261719,91.06576538085938,66.02607727050781,29.090177536010742,125.93924713134766,82.66205596923828
2023-12-01,460.7120361328125,40.72016525268555,38.63693618774414,36.14471435546875,109.88390350341797,94.66590118408203,67.30622863769531,29.354381561279297,130.80186462402344,87.5743637084961
2024-01-01,469.947265625,39.40842056274414,38.8079833984375,37.444271087646484,109.4189224243164,97.43787384033203,68.65441131591797,28.75129508972168,135.24111938476562,83.8598861694336
2024-02-01,494.4723205566406,41.97301483154297,40.07816696166992,38.970638275146484,117.2795639038086,102.02191162109375,70.09491729736328,29.055418014526367,139.51853942871094,90.47860717773438
2024-03-01,509.0608215332031,44.528018951416016,43.925926208496094,40.690216064453125,122.08704376220703,102.65776062011719,71.89318084716797,30.716394424438477,142.322021484375,90.22346496582031
2024-04-01,490.0535583496094,42.638553619384766,43.86347579956055,39.13676834106445,118.14759063720703,96.90264129638672,71.60681915283203,31.484373092651367,135.6811065673828,86.35358428955078
2024-05-01,514.84033203125,44.033695220947266,43.71338653564453,40.377967834472656,120.08236694335938,103.76042175292969,73.3519287109375,34.305416107177734,138.939453125,86.52568054199219
2024-06-01,531.2900390625,42.48460388183594,42.75188446044922,39.86402893066406,118.48787689208984,111.69451141357422,72.6311264038086,32.14481735229492,140.9215545654297,89.6873550415039
2024-07-01,539.458251953125,44.5383186340332,44.06916046142578,42.58226013183594,124.73867797851562,108.21568298339844,74.39308166503906,34.61530303955078,145.2398681640625,92.38848114013672
2024-08-01,552.0629272460938,45.572750091552734,43.15666580200195,44.52931594848633,128.2508087158203,108.97240447998047,78.84616088867188,36.27973175048828,152.58778381347656,92.2061538696289
2024-09-01,561.9352416992188,46.58783721923828,41.51133728027344,44.12043380737305,132.1336669921875,111.65800476074219,79.31439208984375,38.414947509765625,149.5010986328125,98.73529052734375
2024-10-01,558.6289672851562,45.344032287597656,42.23074722290039,45.41384506225586,130.9868621826172,110.11449432373047,76.96914672851562,38.258731842041016,143.09255981445312,97.22064208984375
2024-11-01,591.9419555664062,46.018924713134766,45.539031982421875,50.16236114501953,140.93101501464844,115.80751037597656,79.94722747802734,39.704627990722656,143.6186981201172,109.76763916015625
2024-12-01,575.7619018554688,40.852840423583984,40.83401870727539,47.22140884399414,128.96083068847656,115.2079849243164,75.51852416992188,36.238311767578125,134.0317840576172,110.77989196777344
2025-01-01,593.2146606445312,43.33540344238281,42.12837219238281,50.503849029541016,136.0922088623047,114.548095703125,76.44969177246094,37.595733642578125,143.7404327392578,114.8585205078125
2025-02-01,585.6838989257812,43.32075881958008,43.74351501464844,51.200523376464844,134.1051788330078,111.92770385742188,80.41834259033203,38.24260711669922,145.7565460205078,106.83915710449219
2025-03-01,551.391357421875,41.96393966674805,44.92122268676758,48.87500762939453,128.9310302734375,102.47342681884766,79.05351257324219,38.063995361328125,142.8987579345703,97.6868896484375
2025-04-01,548.2550659179688,41.1390495300293,38.997989654541016,48.018497467041016,129.47506713867188,104.38844299316406,79.62796020507812,38.35846710205078,138.00869750976562,97.85655212402344
2025-05-01,582.7100830078125,42.34050750732422,39.49696731567383,50.1850471496582,140.9208221435547,114.79894256591797,80.60103607177734,39.82668685913086,130.31590270996094,106.06170654296875
2025-06-01,610.8474731445312,43.06138610839844,41.08595275878906,51.57360076904297,145.5583038330078,125.89552307128906,78.79109954833984,39.70028305053711,132.42823791503906,107.8128662109375
2025-07-01,626.763671875,43.24131774902344,42.59231185913086,51.75035095214844,150.44509887695312,130.83999633789062,78.16566467285156,41.93898391723633,128.75636291503906,110.0803451538086
2025-08-01,639.6245727539062,45.48396301269531,44.145381927490234,53.3511848449707,150.44509887695312,130.69557189941406,79.14542388916016,41.27810287475586,135.66653442382812,115.20579528808594
2025-09-01,660.5768432617188,44.17287826538086,43.63257598876953,53.23260498046875,152.64224243164062,140.36141967773438,76.78419494628906,42.6928825378418,137.38421630859375,119.13314819335938
2025-10-01,678.1983032226562,42.42634201049805,43.40892791748047,51.92070770263672,154.0977325439453,149.92588806152344,75.24933624267578,43.91171646118164,143.05026245117188,119.48768615722656
2025-11-01,679.5208129882812,44.27355194091797,44.551658630371094,52.872474670410156,152.73623657226562,142.7158203125,78.29759216308594,44.66575241088867,156.33880615234375,117.75959777832031
2025-12-01,678.0591430664062,44.91735076904297,44.0443229675293,54.30012130737305,154.15736389160156,143.5734405517578,76.63042449951172,42.078365325927734,153.51251220703125,118.93490600585938
2026-01-01,690.0853271484375,49.05186080932617,50.7186164855957,53.16670227050781,164.9764404296875,143.7013397216797,83.0425796508789,42.94972229003906,154.10647583007812,120.92707824707031
2026-02-01,684.1216430664062,53.17353057861328,55.557003021240234,51.16698455810547,176.64364624023438,138.58767700195312,89.50619506835938,47.398616790771484,159.5441131591797,116.62571716308594
