sasdate,UMAP_1,UMAP_2,UMAP_3,UMAP_4,UMAP_5,UMAP_6
1959-03-01,25.806097,-8.629718,4.580418,9.862991,9.703681,8.517884
1959-04-01,25.553003,-8.948925,4.7166452,9.917994,9.865651,8.103965
1959-05-01,25.801592,-8.602431,4.719017,9.913003,9.866006,8.472937
1959-06-01,26.123617,-8.910767,4.2412815,9.617231,9.482121,8.102548
1959-07-01,25.140903,-10.165283,5.743753,9.942738,6.32087,6.174095
1959-09-01,25.260038,-9.947268,5.4706793,9.86315,7.665044,5.7092586
1959-10-01,25.115107,-10.139425,5.7673326,9.838909,6.489939,6.025658
1959-11-01,25.75949,-9.576316,5.0928187,10.469433,8.998034,7.75691
1960-02-01,26.432173,-8.957667,4.3033767,9.737839,9.102695,7.8614774
1960-06-01,25.073381,-10.1894045,5.7527266,9.744436,6.5259986,5.8411937
1960-07-01,25.115925,-10.169579,5.5907526,9.906851,6.8276815,5.6972184
1960-08-01,25.136055,-10.240976,5.721204,9.800191,6.4318047,5.95554
1960-09-01,25.025465,-10.330557,5.774936,9.729903,6.9524517,5.9928484
1960-10-01,25.241365,-10.321044,5.6749773,9.811321,6.9599648,5.6964297
1961-01-01,25.09856,-10.205962,5.6002035,9.860805,6.812857,5.6185327
1961-02-01,25.169987,-10.351943,5.6891265,9.6988325,6.735021,5.78169
1961-03-01,25.920097,-8.533754,4.9890113,9.846602,9.699333,8.060448
1961-04-01,25.535883,-9.29323,5.1688747,10.500559,9.4162035,8.117175
1961-05-01,26.088737,-8.734115,4.8205256,9.970422,9.88698,8.458988
1961-06-01,25.610601,-8.757158,4.93778,9.888204,9.834507,8.371576
1961-07-01,25.6545,-9.542414,5.143173,10.429286,9.333367,7.8069286
1961-08-01,25.555962,-8.778302,5.027715,10.09117,9.782163,8.409192
1961-09-01,25.243187,-10.128966,5.6190557,9.884269,6.5899715,6.1593843
1961-10-01,25.333828,-8.935318,5.196387,10.202957,9.601341,8.249694
1961-11-01,25.921309,-8.626243,4.7375703,9.97331,9.896461,8.496096
1961-12-01,25.714273,-9.149826,5.0201125,10.479943,9.483219,8.206653
1962-01-01,25.288094,-10.277683,5.6012955,9.978269,6.6015873,6.1428337
1962-02-01,25.936666,-8.75022,4.747101,9.762352,9.773536,8.549855
1962-03-01,25.921743,-9.003179,4.841022,10.515324,9.436049,8.091638
1962-04-01,26.156782,-8.797697,4.6938562,9.617815,9.618157,8.52898
1962-05-01,25.230284,-10.274149,5.7195716,9.71697,7.209557,6.1683645
1962-06-01,25.559326,-10.149421,5.583977,9.8447075,7.2153907,6.2694983
1962-07-01,25.354897,-8.983536,5.2061524,10.280157,9.575447,8.240347
1962-08-01,26.55175,-9.066303,4.687376,9.726545,8.867395,8.038447
1962-09-01,25.638844,-9.567765,5.1169763,10.417117,9.355313,7.652441
1962-10-01,24.615593,-8.741332,6.402479,10.0860815,7.72521,6.7190843
1962-11-01,25.993307,-8.990491,4.85451,10.461463,9.083258,8.098851
1962-12-01,25.509813,-9.324495,5.0516095,9.683233,8.2094965,7.004129
1963-01-01,25.440771,-9.136033,5.263777,10.265079,9.551143,8.280724
1963-02-01,26.148373,-8.572867,4.803721,9.974622,9.841626,8.519459
1963-03-01,25.774662,-8.476092,4.6644573,9.927461,9.618174,8.557776
1963-04-01,26.043058,-8.657096,4.740778,9.677095,9.629172,8.431469
1963-05-01,25.733904,-9.15965,4.906021,10.561172,9.379328,8.221551
1963-06-01,25.815825,-9.292973,5.0302806,10.522859,9.4021015,7.7508473
1963-07-01,26.486885,-8.959842,4.5496025,9.583143,8.897308,8.010542
1963-08-01,26.116396,-8.898799,4.787771,10.355085,9.059913,8.235454
1963-09-01,25.532673,-8.696761,4.657292,10.016733,9.487022,8.292379
1963-10-01,26.238344,-8.860298,4.6558623,9.788946,9.675553,8.238231
1963-11-01,25.662947,-9.247523,5.016141,10.56702,9.321782,8.242279
1963-12-01,25.893927,-9.180819,4.948893,10.538994,9.400793,7.867045
1964-01-01,26.208614,-8.515509,4.796761,9.9564085,9.786685,8.580409
1964-02-01,25.885958,-8.704813,4.602033,9.615015,9.661886,8.497834
1964-03-01,26.002596,-9.239937,4.757102,10.579836,9.276459,8.176665
1964-04-01,25.41941,-9.008776,5.2292423,10.226503,9.664694,8.3468895
1964-05-01,26.111042,-8.517478,4.7400594,9.899263,9.827778,8.546505
1964-06-01,25.872746,-9.244985,4.8629885,10.613717,9.333482,8.185215
1964-07-01,26.010977,-8.504368,4.7183084,9.912059,9.818195,8.505105
1964-08-01,25.674389,-8.937452,4.8054976,10.39478,9.527339,8.433434
1964-09-01,26.280525,-8.881346,4.551504,10.058421,9.629608,8.58558
1964-10-01,25.16531,-9.969179,5.6030326,9.849253,6.6118197,6.137212
1964-12-01,26.106775,-8.748772,4.7402706,10.05859,9.85916,8.409339
1965-01-01,25.836649,-8.505949,4.9003654,10.130299,9.643885,8.739735
1965-02-01,25.954844,-9.173671,4.7484255,10.583159,9.367154,8.218685
1965-03-01,25.85433,-8.563344,4.7286253,10.107603,9.830253,8.654097
1965-04-01,26.364433,-8.690319,4.7970047,9.893921,9.595887,8.5316515
1965-05-01,25.644016,-8.919694,4.764963,10.397417,9.546475,8.35766
1965-06-01,26.376081,-8.991373,4.702364,9.880212,9.531648,8.433778
1965-07-01,25.817957,-8.519537,4.875309,10.148609,9.6458,8.755376
1965-08-01,26.001022,-9.186489,4.7339334,10.577979,9.363478,8.256334
1965-09-01,26.09743,-8.669054,5.014169,10.220792,9.572574,8.615363
1965-10-01,25.86261,-8.6170435,4.943037,10.191288,9.707989,8.71395
1965-11-01,26.106188,-8.75244,4.6935153,10.246066,9.680328,8.648697
1965-12-01,26.153843,-8.904093,4.6277075,10.184124,9.743872,8.538938
1966-01-01,25.872974,-8.566738,4.9429784,10.186358,9.674674,8.755801
1966-02-01,26.163445,-8.980217,4.591723,10.321909,9.629806,8.530869
1966-03-01,25.885221,-8.609802,4.9371557,10.1663885,9.675935,8.75929
1966-04-01,26.021566,-9.080825,4.55795,10.2973,9.686578,8.234428
1966-05-01,26.204245,-9.331801,4.8828907,9.811967,8.640915,8.017985
1966-06-01,26.140327,-8.840287,4.6489987,10.196298,9.749682,8.605413
1966-07-01,25.933758,-8.689919,5.1488214,10.326613,9.205309,8.682978
1966-08-01,26.484804,-9.105613,4.6541195,9.9628725,9.331237,8.452867
1966-09-01,25.851444,-8.625106,5.0376253,10.2987175,9.595466,8.790338
1966-10-01,23.608059,-10.273769,7.1524973,11.411886,6.8780274,5.5471287
1966-11-01,25.111649,-10.18792,5.7639313,10.011405,6.280116,6.2101693
1966-12-01,23.830162,-10.334375,6.904129,11.314663,6.762806,5.511948
1967-01-01,25.871372,-8.731353,5.2174606,10.378216,9.227669,8.717713
1967-02-01,25.129257,-10.240576,5.745455,9.912017,6.3330507,6.0825014
1967-03-01,25.079813,-10.181648,5.7774787,9.997099,6.3026915,6.145571
1967-04-01,25.446623,-9.108398,5.3270016,10.292139,9.571147,8.355142
1967-05-01,25.127726,-10.221058,5.702904,9.975216,6.3120127,6.1899986
1967-06-01,26.213148,-8.730624,5.1709104,10.087457,9.643368,8.603813
1967-07-01,25.496809,-8.799756,4.694261,10.25538,9.405106,8.35438
1967-08-01,25.997902,-8.7494755,4.8728213,9.935688,9.850983,8.542908
1967-09-01,25.228529,-9.987635,5.559727,9.89216,6.623933,6.25552
1967-10-01,25.511824,-9.274449,5.256601,10.3512535,9.4030075,8.248083
1967-11-01,26.161102,-8.821976,4.6667356,10.000558,9.852049,8.474533
1967-12-01,25.858145,-8.689935,5.053578,10.153714,9.776502,8.599267
1968-01-01,25.227411,-10.298818,5.5850563,10.090531,6.6872625,6.0808907
1968-02-01,26.065163,-8.764878,4.641949,9.503716,9.610058,8.469449
1968-03-01,25.961391,-8.908989,4.906318,10.517896,9.519436,8.260188
1968-04-01,26.19184,-8.609967,4.663106,9.81215,9.362739,8.270568
1968-05-01,25.619654,-8.971067,4.8120203,10.430842,9.520344,8.329981
1968-06-01,26.29081,-8.701925,5.087792,10.079138,9.614684,8.592791
1968-07-01,25.999475,-9.16503,4.8308396,10.575963,9.3162155,8.14591
1968-08-01,26.004152,-8.654195,4.9966664,10.200187,9.193319,8.556365
1968-09-01,25.458246,-8.800854,4.8204527,10.284904,9.523986,8.245795
1968-10-01,26.276047,-8.822365,4.5124025,9.815604,9.5219,7.9507422
1968-11-01,25.773697,-8.579409,4.615141,9.800203,9.607866,8.148512
1968-12-01,26.12012,-9.150072,5.0030475,10.007878,8.678249,7.9254184
1969-01-01,26.202806,-8.999534,4.441373,10.163556,9.582657,8.4279585
1969-02-01,26.231983,-8.830905,4.3605747,9.519693,9.219151,8.171993
1969-03-01,25.684326,-9.128156,4.5621576,10.155673,9.669853,7.9940133
1969-04-01,26.114649,-9.16196,5.035555,10.060025,8.612138,7.834949
1969-05-01,26.146082,-8.938514,4.695221,10.210596,8.893964,8.0728855
1969-06-01,26.412031,-9.139317,4.612873,9.639441,8.950556,8.213158
1969-07-01,25.598223,-9.446636,5.2404475,10.130422,9.144856,8.105583
1969-08-01,26.36238,-8.944189,4.4146543,9.957768,9.459698,8.485543
1969-09-01,25.186792,-9.974546,5.4209933,9.785771,6.870001,5.739836
1969-10-01,26.497652,-8.847809,4.6694155,9.792365,9.270248,8.398092
1969-11-01,25.11184,-10.040909,5.5121913,9.946517,6.826471,5.7574105
1969-12-01,25.512405,-10.331265,5.634116,9.836492,7.124609,5.9315767
1970-01-01,25.061035,-10.151946,5.7237244,9.807459,6.5108852,5.9413276
1970-02-01,25.408926,-10.372729,5.6352067,9.831342,7.052164,5.776319
1970-03-01,24.918003,-9.985338,5.7205343,9.921418,6.7073913,5.646587
1970-04-01,25.297037,-10.316228,5.631865,9.789882,6.9927826,5.741394
1970-05-01,25.280188,-9.923165,5.940046,9.835862,7.227815,6.0318685
1970-06-01,25.238518,-10.176111,5.5659933,9.800694,6.90059,5.654696
1970-07-01,25.8344,-9.058923,4.4308944,9.638754,9.168468,7.598541
1970-08-01,25.123457,-10.027855,5.6136985,9.750076,6.7509027,5.671784
1970-09-01,25.206322,-10.020466,5.4871845,9.696666,6.942813,5.8587112
1970-11-01,25.162466,-9.96546,5.4652033,9.760176,6.8346734,5.7681994
1971-01-01,25.59494,-8.273831,4.8847046,9.682459,9.436759,8.019564
1971-02-01,25.561634,-9.529883,5.107748,9.544235,8.357348,6.2679567
1971-03-01,25.570456,-9.495261,5.100461,9.590879,8.465907,6.2966
1971-04-01,25.516102,-8.657282,4.715095,9.843952,9.423524,7.865938
1971-05-01,25.873491,-8.8484335,4.498787,9.568918,9.322316,7.4563203
1971-06-01,25.529835,-9.360133,5.172307,9.580921,8.495181,6.400851
1971-07-01,26.18484,-8.6054735,4.472064,9.215416,9.033461,7.9634356
1971-08-01,26.10958,-8.987111,4.2148056,9.477965,8.995125,7.864349
1971-09-01,25.684351,-8.446329,4.6325393,9.584177,9.354677,8.027468
1971-10-01,25.77543,-8.809677,4.6697283,9.739758,9.463108,7.3443365
1971-11-01,26.155212,-8.617322,4.502094,9.299567,9.106096,7.9973164
1971-12-01,25.455704,-8.661834,4.734558,9.871209,9.419001,7.8596225
1972-02-01,25.796118,-8.797593,4.608596,9.69576,9.4818,7.432604
1972-03-01,25.616692,-8.39398,4.682582,9.585111,9.340769,8.101952
1972-04-01,25.85535,-8.790527,4.5650907,9.604122,9.420611,7.419358
1972-05-01,26.212994,-8.870821,4.2632594,9.554907,9.233808,8.013709
1972-06-01,26.103224,-8.558629,4.395999,9.254877,9.104242,7.998173
1972-07-01,25.56201,-9.547673,5.065926,9.700932,8.723803,6.257963
1972-08-01,25.454397,-8.613355,4.726491,9.782408,9.5807905,8.115714
1972-09-01,25.825636,-8.926523,4.506743,9.680902,9.496029,7.36072
1972-10-01,25.433765,-8.427243,4.9564404,9.788673,9.337643,8.113528
1972-11-01,25.901878,-8.682612,4.6448216,9.730404,9.5385275,7.6099906
1972-12-01,25.61646,-8.500139,4.5619917,9.681619,9.432812,8.064432
1973-01-01,25.825077,-8.923146,4.3520875,9.559923,9.585768,7.647049
1973-03-01,25.85722,-9.028533,4.249889,9.635382,9.3119755,7.7379975
1973-04-01,24.862272,-8.681416,6.0429764,9.76658,7.6836853,6.819833
1973-05-01,26.231052,-8.887541,4.276408,9.364999,9.28509,7.8968925
1973-06-01,25.98054,-9.048003,4.206943,9.501397,9.174389,7.882506
1973-07-01,24.768496,-8.660934,6.1742706,9.852267,7.6635585,6.769434
1973-10-01,25.913015,-8.882876,4.741818,9.700521,9.7684,8.411628
1973-11-01,26.533924,-9.119861,4.64333,9.833376,9.136601,8.373627
1973-12-01,26.075891,-9.380526,4.8212323,9.66113,8.38582,7.579141
1974-01-01,25.399902,-9.93498,5.4457808,9.744877,7.3616815,6.029147
1974-02-01,25.469946,-10.37065,5.551235,9.899891,7.130352,5.728072
1974-03-01,24.937483,-9.397057,5.97493,9.74018,7.374784,6.5234213
1974-04-01,24.985512,-9.406353,6.0015903,9.758549,7.1022463,6.448616
1974-05-01,25.14433,-8.944861,5.066607,10.347439,9.45165,7.7792215
1974-06-01,24.9119,-9.327176,6.043889,9.763186,7.221258,6.528545
1974-07-01,25.455576,-10.103945,5.7183275,9.86467,7.2959256,6.208216
1974-08-01,25.449282,-10.380716,5.5463395,9.888719,7.109173,5.721803
1974-10-01,24.911861,-10.119978,5.9207397,9.856719,6.4895697,5.751247
1975-04-01,24.916391,-10.385785,5.805307,9.790257,7.210056,6.0500054
1975-05-01,25.007898,-10.238656,5.836322,9.470383,6.4158854,5.5880775
1975-06-01,25.118603,-9.957361,5.39792,10.235837,8.978816,7.130425
1975-07-01,26.119965,-8.583087,5.007411,9.9798975,9.726545,8.065263
1975-08-01,25.603037,-8.788696,4.962836,9.793289,9.758944,8.439941
1975-09-01,25.209866,-9.741232,5.269761,10.177612,9.300759,7.389142
1975-10-01,26.067852,-8.548489,4.747921,9.819612,9.595593,8.418312
1975-11-01,25.205797,-9.830983,5.320566,10.267376,9.212784,7.300795
1975-12-01,25.778233,-8.686821,4.840579,9.922222,9.852169,8.433198
1976-01-01,25.555618,-8.580786,4.897473,9.849818,9.817598,8.282135
1976-02-01,25.707157,-8.488154,4.641835,9.799463,9.835199,8.4126215
1976-03-01,26.232058,-8.783299,4.5661316,10.025904,9.607376,8.637982
1976-04-01,26.397066,-8.659787,4.7123523,9.841234,9.51681,8.50027
1976-05-01,25.148731,-8.913324,5.0161314,10.335,9.496309,7.840793
1976-06-01,24.944778,-10.311404,5.752041,9.733068,7.2599645,6.0568905
1976-07-01,25.722202,-8.966346,4.7412486,10.400409,9.424454,8.055606
1976-08-01,26.296015,-8.948017,4.7437673,9.673779,9.493481,8.410093
1976-09-01,26.070189,-8.756027,4.2475715,9.622768,9.28942,7.969578
1976-10-01,26.329277,-8.504282,4.761507,9.532253,9.227788,7.4102845
1976-11-01,25.339434,-8.860933,5.0938325,10.03444,9.49088,8.151734
1976-12-01,25.867996,-8.871403,4.5463133,9.755112,9.5765505,7.630721
1977-01-01,26.358822,-8.867542,4.298214,9.706112,9.162738,7.837844
1977-02-01,26.043945,-9.007717,4.5773363,9.631875,9.675498,8.03126
1977-03-01,25.572857,-8.596369,4.570671,9.584144,9.589946,8.327335
1977-04-01,25.812452,-8.953064,4.334882,9.655448,9.586235,7.879949
1977-05-01,26.07554,-8.80859,4.1912284,9.436893,9.428949,8.112452
1977-06-01,25.8058,-8.978917,4.397263,9.826525,9.449283,7.895335
1977-07-01,26.28889,-8.7808275,4.377873,9.677791,9.361696,7.914658
1977-08-01,26.22676,-8.710896,4.4343805,9.2663,9.051123,8.069539
1977-09-01,25.995304,-8.820096,4.2234583,9.658286,9.324092,7.946454
1977-10-01,26.333923,-8.538897,4.709974,9.536647,9.2767515,7.471111
1977-11-01,25.82806,-9.043309,4.388329,9.663091,9.230239,7.631856
1977-12-01,25.809952,-8.565928,4.425034,9.624882,9.221388,7.9572134
1978-02-01,26.154177,-8.664008,4.397607,9.363013,9.190311,8.0191
1978-03-01,25.79456,-8.921091,4.519459,9.740553,9.665352,7.8249454
1978-04-01,25.531221,-8.707156,4.600452,9.660745,9.704646,8.137272
1978-05-01,26.075695,-8.59953,4.3606005,9.525483,9.189434,8.170476
1978-06-01,25.89233,-8.781499,4.2089725,9.501525,9.387263,7.958501
1978-07-01,25.973993,-9.090855,4.5914397,9.721944,8.634676,7.7127123
1978-08-01,25.813444,-8.427699,4.4823365,9.584599,9.269716,8.116852
1978-09-01,25.756742,-9.099716,4.3392315,9.877693,9.415591,7.7476993
1978-10-01,25.944277,-8.926062,4.200332,9.497669,9.491969,8.009822
1978-11-01,26.102749,-8.845057,4.195132,9.322192,9.170652,8.000057
1978-12-01,26.049555,-8.584304,4.275529,9.329026,9.126815,8.11104
1979-01-01,25.725359,-9.416057,4.7442923,9.611188,8.219485,7.0588894
1979-02-01,26.50123,-9.1581,4.5718465,9.808324,9.113381,8.336823
1979-03-01,25.764431,-8.821705,4.4139876,9.631259,9.691833,8.062342
1979-05-01,25.141367,-8.91561,5.0448403,10.2694025,9.486604,7.8468623
1979-06-01,26.095098,-8.613843,4.3343406,9.359342,9.0556135,8.102271
1979-07-01,26.03089,-9.304777,4.7472444,9.59845,8.41378,7.506487
1979-08-01,25.235023,-9.765717,5.456945,9.690362,7.008809,6.114243
1979-09-01,25.413202,-8.868072,5.341031,9.591593,8.717958,6.615179
1979-10-01,26.201147,-9.368749,4.7020984,9.688741,8.769769,7.942472
1979-11-01,25.405373,-9.830975,5.5357685,9.716094,7.3071094,5.9714456
1979-12-01,25.196127,-9.953409,5.401651,9.725152,6.86662,5.781415
1980-01-01,25.381203,-10.121999,5.2247443,10.232084,8.902926,5.761682
1980-02-01,25.306223,-10.3415165,5.5850286,9.978466,7.100451,5.541916
1980-03-01,25.220112,-10.483,6.094582,9.987504,6.9824443,5.6424007
1980-06-01,25.075806,-10.217166,5.747818,9.7213745,6.5484495,5.607678
1980-08-01,25.283245,-9.702063,5.2085648,10.183954,9.35126,7.25527
1980-09-01,25.209736,-9.568307,5.184842,10.073327,9.429921,7.4712076
1980-10-01,25.443586,-8.684152,4.936859,9.814945,9.847667,8.203852
1980-11-01,25.32847,-8.846759,4.8902845,9.784622,9.855387,7.9853187
1980-12-01,26.19296,-9.023831,4.1840124,9.309011,9.271002,7.8799105
1981-01-01,24.965214,-10.302888,5.6396008,9.791053,6.5717025,5.776434
1981-02-01,25.257076,-10.5135355,6.051321,9.959253,6.949736,5.6678085
1981-03-01,24.615353,-8.612502,6.37168,10.0408325,7.7660813,6.8429294
1981-04-01,24.573664,-8.580215,6.351037,9.984024,7.6974072,6.8636475
1981-05-01,23.677961,-10.381233,7.102913,11.3887205,6.8708596,5.546042
1981-06-01,23.858,-10.528184,6.8568997,11.294485,6.9681463,5.296793
1981-07-01,23.64933,-10.490295,6.98783,11.52727,7.156647,5.2785587
1981-08-01,24.96983,-10.274169,5.8921895,9.756935,6.426838,5.6772013
1981-09-01,25.19318,-10.504487,6.138545,9.989536,6.859642,5.641048
1981-11-01,25.004011,-10.306511,5.9500914,9.861496,6.549373,5.6560807
1981-12-01,24.96607,-10.210979,5.9516926,9.798192,6.4319243,5.721443
1982-03-01,25.14728,-10.403523,5.9611173,9.740748,6.5411367,5.5742545
1982-04-01,25.027819,-10.282223,5.7387295,9.69733,6.547322,5.6465816
1982-05-01,24.95629,-10.461545,5.73352,9.974141,7.012118,5.453609
1982-06-01,25.194729,-10.478829,6.041246,9.948719,6.938905,5.636843
1982-07-01,25.045778,-10.296743,5.963937,9.673113,6.413729,5.6016803
1982-08-01,24.985006,-10.277253,5.95471,9.830402,6.507281,5.6689034
1982-09-01,24.988008,-10.23822,5.819569,9.588216,6.4723177,5.6320744
1982-10-01,25.169512,-10.343533,5.585917,9.688888,6.872252,5.616941
1982-11-01,25.039385,-10.248332,5.9053063,9.555316,6.3852615,5.6128445
1982-12-01,25.08029,-10.27757,5.9223514,9.563999,6.3750653,5.58757
1983-02-01,25.070055,-10.250438,5.921686,9.557237,6.366291,5.608007
1983-03-01,25.970322,-8.49139,4.910449,9.782089,9.649128,7.8134165
1983-04-01,25.23162,-9.62359,5.155895,10.097208,9.40688,7.340247
1983-05-01,25.337072,-8.597908,4.8046412,9.701572,9.80668,8.032923
1983-06-01,25.570236,-8.571621,4.67712,9.584299,9.63844,8.215112
1983-07-01,25.591005,-9.002649,4.4652405,9.604737,9.788183,7.913103
1983-08-01,26.070225,-8.83836,4.692717,9.2472725,9.033329,7.8021255
1983-09-01,25.490234,-8.726619,4.6697917,9.688937,9.847783,8.070341
1983-10-01,25.502048,-8.686126,4.3770494,9.291738,9.627438,8.023178
1983-11-01,25.82622,-8.830729,4.1496625,9.310955,9.523713,8.048269
1983-12-01,25.59461,-8.594688,4.314349,9.288995,9.518437,8.032421
1984-01-01,25.46214,-9.133493,4.7208796,9.770991,9.733062,7.6918845
1984-02-01,25.893778,-8.910603,4.2162833,9.204139,9.449114,8.053556
1984-03-01,25.728764,-8.466149,4.3033032,9.380085,9.345804,8.0756855
1984-04-01,25.810074,-8.724715,4.1517706,9.344764,9.459603,8.012419
1984-05-01,26.114534,-8.928113,4.16104,9.434306,9.357147,8.040647
1984-06-01,25.699963,-8.576838,4.2560353,9.260404,9.401169,7.9690785
1984-07-01,25.897186,-9.09581,4.4690876,9.614894,8.8311615,7.6349845
1984-08-01,25.4103,-9.035551,5.157226,9.804661,8.217928,7.154851
1984-09-01,25.708376,-8.405502,4.309068,9.299409,9.350445,7.982162
1984-10-01,26.11157,-8.666499,4.379211,9.221345,9.254728,8.088973
1984-11-01,25.737032,-8.300492,4.5416837,9.340012,9.340827,7.960937
1984-12-01,26.134338,-8.678252,4.490672,9.241977,8.971445,7.894948
1985-01-01,25.270958,-9.586202,5.3895917,9.681496,7.098535,6.3160477
1985-02-01,25.207355,-9.837536,5.2528677,10.057577,8.970194,6.081221
1985-03-01,25.903406,-8.555692,4.3169966,9.1628895,9.22842,8.048649
1985-04-01,25.100008,-9.182098,5.7587056,9.757359,7.1349754,6.460017
1985-05-01,26.194439,-8.365961,4.551434,9.201276,9.134719,7.880637
1985-06-01,25.554245,-9.3951025,4.9434223,9.695748,8.335031,6.969898
1985-07-01,25.178473,-9.24591,5.605989,9.706792,7.161615,6.4624596
1985-08-01,26.152128,-8.403237,4.5594506,9.280039,9.197512,7.902922
1985-09-01,26.31327,-8.484498,4.7521896,9.542036,9.295025,7.510287
1985-10-01,25.591263,-9.426139,4.8974586,9.699868,8.335801,7.0038557
1985-11-01,25.428394,-9.268794,4.8156505,9.758576,9.1933565,7.303064
1985-12-01,25.50311,-8.4250765,4.7849007,9.791101,9.371612,7.931659
1986-01-01,26.159916,-8.387409,4.5620136,9.232369,9.176156,7.940277
1986-02-01,24.882854,-8.98093,6.061405,9.870134,7.15798,6.424186
1986-03-01,24.790598,-8.747377,5.979707,9.832453,7.522418,6.737482
1986-04-01,25.45552,-9.658954,4.9825172,9.87672,8.983503,6.4719563
1986-05-01,25.261715,-9.947784,5.1555953,10.10499,9.062319,5.946959
1986-06-01,25.52056,-9.625046,5.368845,9.610986,8.052635,5.981336
1986-07-01,25.794685,-8.297907,4.61852,9.301763,9.152182,7.978541
1986-08-01,25.32716,-9.787327,5.1281977,9.896922,8.839012,6.191414
1986-09-01,26.322565,-8.480192,4.774148,9.568922,9.340254,7.619776
1986-10-01,25.603262,-9.424745,4.881686,9.684996,8.311084,7.009024
1986-11-01,25.534212,-9.3823805,4.889144,9.720529,8.549708,7.069318
1986-12-01,26.14487,-8.370193,4.8029943,9.52579,9.372181,7.724613
1987-01-01,25.61514,-9.446374,4.8636103,9.684343,8.23579,6.987043
1987-02-01,25.392519,-8.280607,5.151971,9.850377,9.283831,7.9462867
1987-03-01,25.645777,-8.429209,4.5864973,9.59592,9.257239,7.838451
1987-04-01,26.341904,-8.895696,4.4047585,9.511774,9.397596,7.9208727
1987-05-01,25.631,-8.897215,4.770124,10.376667,9.520116,8.354242
1987-06-01,26.056238,-8.997329,4.6756983,9.542972,9.378827,7.226953
1987-07-01,25.669413,-8.36442,4.8894877,9.976689,9.507518,8.514815
1987-08-01,25.347439,-9.1517515,4.8616776,9.855509,9.401938,7.489005
1987-09-01,25.655529,-8.763748,4.33922,9.213012,9.478707,8.17263
1987-10-01,26.328672,-9.272247,4.672711,9.687927,8.88636,8.171171
1987-11-01,25.64507,-10.01471,5.454288,9.845537,7.730135,6.426611
1987-12-01,25.102901,-8.369536,5.733831,9.972402,8.964975,7.591918
1988-01-01,25.322882,-10.355891,5.4806147,9.802325,7.079276,5.618843
1988-02-01,25.381826,-8.377734,5.662322,9.894648,8.985345,7.8523645
1988-03-01,25.402594,-9.777935,5.138266,10.430193,8.96322,6.3484364
1988-04-01,25.538671,-9.054549,4.629582,10.047063,9.7828865,7.987321
1988-05-01,24.978287,-8.902502,6.1440096,9.836319,7.3036985,6.4655027
1988-06-01,25.53998,-8.784152,4.613338,9.753015,9.824892,8.061239
1988-07-01,25.519928,-9.86195,5.39105,9.959737,8.041698,6.30714
1988-08-01,25.00114,-8.785602,6.1870046,9.835747,7.411218,6.588648
1988-09-01,25.36032,-9.785677,5.190068,10.461593,8.883595,6.295156
1988-10-01,25.429117,-8.327295,5.046987,9.799872,9.303379,8.076976
1988-11-01,26.405516,-9.024965,4.5382977,9.497575,8.903176,8.186584
1988-12-01,25.81117,-8.802384,4.411609,9.620527,9.735631,8.040971
1989-01-01,25.123997,-8.670447,5.9821606,10.442563,8.728683,6.9749727
1989-02-01,24.93339,-8.757251,5.60328,10.327417,8.637934,7.289129
1989-03-01,26.083916,-9.242196,5.1297183,10.232117,8.65515,7.5302377
1989-04-01,25.333275,-9.987197,5.2622523,10.290515,9.085383,5.755828
1989-05-01,24.90389,-8.998741,6.138376,9.885347,7.234152,6.3032475
1989-06-01,24.72631,-8.757849,6.0995693,9.860049,7.4821405,6.654633
1989-07-01,24.964073,-9.95636,5.6378536,10.189622,6.998665,5.5586596
1989-08-01,25.408482,-8.325354,5.228437,9.905262,9.345433,7.9407835
1989-09-01,25.10016,-9.945427,5.529983,10.35618,8.469949,5.8998523
1989-10-01,25.259535,-10.082915,5.4808073,10.005495,7.6332717,5.6090436
1989-11-01,24.833647,-8.816854,6.213302,9.940712,7.5640497,6.511644
1989-12-01,24.657465,-9.986949,5.8921475,10.577265,8.735691,6.5050216
1990-02-01,24.49489,-8.826709,6.45355,10.140178,7.784701,6.694209
1990-03-01,24.657427,-9.954222,5.9062834,10.598962,8.749516,6.587647
1990-04-01,24.884352,-9.982582,5.9684534,9.863723,6.4969544,5.822005
1990-05-01,24.997786,-10.329025,5.7186604,10.102896,7.173039,5.556225
1990-06-01,24.742374,-10.17519,5.8787622,10.531713,8.542251,6.6675806
1990-07-01,24.857021,-10.204108,5.905574,9.877068,6.525248,5.6474333
1990-08-01,25.142672,-10.207212,5.8119526,10.045883,7.768265,5.856513
1990-09-01,25.200996,-10.466004,6.075892,9.953954,6.897363,5.608932
1990-10-01,25.016977,-10.371638,6.196306,9.976107,6.750817,5.6072025
1990-11-01,24.854473,-9.88813,6.064574,9.848113,6.5396547,5.7882257
1990-12-01,24.929203,-10.371824,6.0268965,9.94627,6.539837,5.5926423
1991-02-01,24.906929,-10.104268,5.9574447,9.743204,6.4659653,5.693475
1991-03-01,24.919977,-10.27249,5.8320885,9.7512045,6.4972925,5.684023
1991-04-01,24.893682,-10.447307,5.8480635,10.056966,7.032497,5.436839
1991-05-01,24.6982,-10.118027,5.9296193,10.549519,8.510684,6.59639
1991-06-01,24.711517,-10.349247,5.9258556,9.907963,7.242542,6.126819
1991-07-01,23.894941,-10.134951,6.5989866,11.52474,8.165007,5.3649096
1991-08-01,24.665476,-10.224321,6.0559626,10.173431,6.8396,5.417852
1991-09-01,24.712994,-10.041281,5.9244924,10.596902,8.525644,6.553525
1991-10-01,24.877907,-10.326144,6.033951,9.946628,6.598233,5.533627
1991-11-01,25.14381,-10.515874,6.050457,9.980922,6.9481707,5.569398
1991-12-01,24.743193,-10.034624,5.9558735,10.0736,6.6964636,5.5348396
1992-01-01,24.779806,-10.094519,5.9698753,9.662754,6.494054,5.543315
1992-02-01,24.681711,-9.635555,5.872379,10.708908,8.804148,6.801172
1992-03-01,24.809446,-10.066597,5.838248,10.549143,8.517369,6.475786
1992-04-01,24.475077,-9.930458,6.08245,10.652232,8.444841,6.3370876
1992-05-01,24.861145,-10.079209,5.821127,10.454205,8.367839,6.3203154
1992-06-01,24.745548,-10.21772,5.933943,10.053509,6.736863,5.4677234
1992-07-01,24.633362,-10.076871,6.01222,10.587732,8.458845,6.5838003
1992-08-01,25.005705,-10.259865,5.9774675,9.9430485,6.459081,5.6177387
1992-09-01,25.001192,-10.237351,5.931722,10.058145,7.6772943,5.9576035
1992-10-01,25.10186,-9.913938,5.419659,10.301579,9.094094,7.232029
1992-11-01,24.833921,-9.067366,6.3427973,10.534897,7.6965723,6.5289845
1992-12-01,25.016916,-8.305449,5.7737293,9.961227,8.860447,7.583132
1993-01-01,24.653654,-9.602867,6.3221917,10.135772,8.359334,6.4806542
1993-02-01,24.33905,-9.599714,6.3045545,11.015328,8.221725,5.8051214
1993-03-01,24.874874,-10.247015,6.135742,9.998683,6.6146474,5.557783
1993-04-01,25.09227,-8.843138,5.310158,10.36341,9.379931,7.661189
1993-05-01,24.205763,-9.437713,6.554024,11.133401,7.5865855,5.46604
1993-06-01,24.807272,-9.046794,6.3581853,10.500261,7.634581,6.505869
1993-07-01,25.975624,-8.654829,5.1111507,10.284584,9.143265,8.567011
1993-08-01,24.36942,-9.651362,6.256472,10.967653,8.170539,5.688332
1993-09-01,24.492685,-9.4503,6.4663773,10.3076,8.27645,6.5623655
1993-10-01,25.250994,-9.897966,5.223479,10.266906,9.269271,6.001044
1993-11-01,24.135885,-9.0264225,6.88936,10.641886,7.389921,6.4081593
1993-12-01,25.032814,-8.328582,5.7515526,9.953692,8.870245,7.574965
1994-01-01,24.665632,-9.613716,6.303728,10.12504,8.385961,6.4660373
1994-02-01,24.790691,-9.414403,5.8126698,10.802889,8.709834,6.189819
1994-03-01,25.030273,-8.609819,5.7158656,10.244133,9.244473,7.4490714
1994-04-01,24.601814,-8.816657,6.1172934,10.535082,8.805573,7.127486
1994-05-01,24.963243,-8.747916,5.968029,10.616094,8.715501,6.8684144
1994-06-01,24.975292,-8.815326,5.744783,10.435596,9.207641,7.170818
1994-07-01,24.890984,-8.78306,5.9099035,10.712021,8.763394,6.796025
1994-08-01,25.162476,-8.642294,5.9269805,10.405093,8.75677,7.03893
1994-09-01,25.035194,-8.753632,6.113491,10.54992,8.424073,6.9154196
1994-10-01,24.933136,-8.794309,5.8833213,10.678124,8.79748,6.833068
1994-11-01,24.9811,-8.760245,5.682729,10.426311,9.216852,7.2276845
1994-12-01,25.093994,-8.690498,5.9924994,10.467215,8.6549835,6.988347
1995-01-01,24.97656,-8.719635,5.7020445,10.408987,9.032981,7.185516
1995-02-01,24.904568,-8.759305,5.939969,10.675954,8.7000065,6.800397
1995-03-01,25.059183,-8.828703,6.1320415,10.561033,8.249128,6.802554
1995-04-01,24.771416,-9.991207,5.823529,10.042581,6.738172,5.5661063
1995-05-01,24.50058,-9.121154,6.476744,10.11658,7.1330113,6.040202
1995-06-01,24.962711,-8.799072,5.6768103,10.432585,9.224652,7.2082634
1995-07-01,24.805368,-9.677376,5.8034396,10.351143,7.3151693,5.621839
1995-08-01,25.030256,-8.629866,5.694785,10.201403,9.255656,7.443689
1995-09-01,24.521301,-8.912671,6.182857,10.636242,8.720219,6.9917383
1995-10-01,24.317127,-9.50365,6.3811746,10.93151,7.583026,5.337643
1995-11-01,24.761997,-8.93666,6.3538046,10.401496,7.6281605,6.534575
1995-12-01,25.15964,-9.867942,5.366414,10.378905,9.167875,6.0041614
1996-01-01,25.175034,-10.118575,5.5827365,10.11171,7.161501,5.5358667
1996-02-01,25.09236,-8.45998,5.6845813,10.089156,9.149232,7.571401
1996-03-01,25.154602,-9.940655,5.4573965,10.321734,8.628167,5.9065485
1996-04-01,25.1182,-8.905812,5.169342,10.209156,9.470072,7.94471
1996-05-01,25.067642,-8.508762,5.703672,10.1088705,9.199532,7.506103
1996-06-01,24.655397,-8.806231,6.0589604,10.492204,8.813712,7.132612
1996-07-01,25.060741,-8.935121,5.9416537,9.873761,7.9763436,6.178463
1996-08-01,24.711576,-8.837808,6.0451694,10.44008,8.775985,7.023446
1996-09-01,25.174234,-9.787176,5.3095374,10.335671,9.305445,6.137152
1996-10-01,24.43526,-9.31867,6.335367,10.7264595,7.7607293,5.6456175
1996-11-01,24.790974,-8.924816,5.741686,10.524799,9.061963,7.228207
1996-12-01,24.579851,-8.962956,6.041763,10.557573,8.87843,7.094107
1997-01-01,24.130577,-9.19713,6.706938,10.560059,7.3857903,6.1999803
1997-02-01,25.0601,-8.578006,5.6595564,10.063564,9.120788,7.4287596
1997-03-01,24.57406,-8.850352,6.112524,10.523556,8.838593,7.1182637
1997-04-01,26.092451,-9.219065,5.134356,10.22048,8.655098,7.551566
1997-05-01,24.925585,-8.78962,5.604107,10.333344,8.695935,7.327007
1997-06-01,25.40037,-9.538258,5.3268895,10.304455,9.239168,6.094016
1997-07-01,24.841997,-8.837134,5.6330686,10.352417,8.938679,7.398911
1997-08-01,24.625967,-9.09857,5.8522778,10.552118,8.989304,7.184533
1997-09-01,25.08242,-8.573249,5.645264,10.152915,9.296097,7.5000997
1997-10-01,24.776001,-8.882246,5.71398,10.440297,8.95999,7.353988
1997-11-01,25.044685,-8.487729,5.72538,9.976504,8.984751,7.4139647
1997-12-01,24.980572,-9.01044,6.0308075,10.3276,7.4867854,6.545819
1998-01-01,25.034115,-8.433922,5.7298775,10.030594,8.953573,7.4720592
1998-02-01,25.021778,-8.819715,5.862594,10.161339,8.708387,6.8491373
1998-03-01,25.082853,-8.979141,5.8992853,10.333362,7.6335363,6.6739783
1998-04-01,25.281403,-9.041336,5.18487,9.930375,9.35054,6.9247885
1998-05-01,25.506466,-9.103193,4.815121,9.801577,9.115966,7.5491157
1998-06-01,24.960388,-9.021142,6.0749187,10.270302,7.411999,6.5025725
1998-07-01,25.237125,-9.757502,5.447676,9.736317,7.038484,6.1147966
1998-08-01,25.11304,-8.874944,5.2315235,10.1603365,9.44952,7.9604545
1998-09-01,25.03909,-8.878172,6.161705,9.853727,7.3204203,6.485977
1998-10-01,25.389496,-9.808183,5.1676927,10.3377495,8.97173,6.2251124
1998-11-01,25.040289,-8.773417,5.812263,10.011325,8.652707,6.8570886
1998-12-01,25.16486,-8.81486,5.561472,10.335707,8.19743,7.189472
1999-01-01,25.303772,-9.764869,5.251807,9.973098,8.795818,6.136539
1999-02-01,24.964018,-8.536545,6.0101714,9.905335,8.324788,7.0218177
1999-03-01,25.306406,-9.782597,5.2426057,9.970967,8.789426,6.102157
1999-04-01,25.386234,-9.824432,5.192727,10.256049,9.095995,6.003505
1999-05-01,24.713705,-8.639319,6.3058352,10.01455,7.8203225,6.8061085
1999-06-01,25.195656,-9.314303,5.7956004,9.781828,7.594834,6.0280905
1999-07-01,25.465767,-9.697734,5.2366543,10.195501,9.078096,5.958918
1999-08-01,25.248154,-8.832317,5.787643,9.812686,8.323428,6.497078
1999-09-01,25.415514,-9.7756815,5.352499,9.957521,8.366217,5.9463096
1999-10-01,24.987452,-8.557754,5.9723063,9.920836,8.412554,7.0177045
1999-11-01,25.210299,-8.46056,5.3182454,9.791494,8.821271,7.6765723
1999-12-01,25.439255,-9.482956,5.0979605,10.108998,9.430346,6.360511
2000-01-01,24.274282,-9.025804,6.4917336,10.973307,7.656153,5.8684845
2000-02-01,25.00385,-10.065584,5.2918477,10.174322,8.999461,5.8860393
2000-03-01,25.358524,-9.577429,5.1871758,10.266038,9.437859,6.218919
2000-04-01,24.674696,-8.648114,6.337608,10.02385,7.796515,6.793186
2000-05-01,25.277931,-9.884905,5.51777,9.811776,7.6088457,5.7172546
2000-06-01,25.028227,-9.976178,5.334975,10.338861,9.214321,5.820129
2000-07-01,24.484446,-9.183461,6.6286097,10.375711,7.010677,6.1767855
2000-08-01,24.79853,-9.062221,6.2259955,10.022092,7.176414,6.2612553
2000-09-01,25.10988,-9.980115,5.3124495,10.294874,9.15493,5.8393946
2000-10-01,24.961739,-9.029819,6.116974,9.837243,7.2753744,6.311898
2000-11-01,25.479216,-9.786989,5.388692,9.888502,8.136764,6.098871
2000-12-01,25.490158,-9.742473,5.492792,9.730739,7.9253616,5.9384127
2001-01-01,25.220016,-10.042862,5.5660963,9.976972,7.639895,5.6573334
2001-02-01,24.83892,-9.03055,6.1567845,9.906682,7.157946,6.328453
2001-03-01,25.06386,-9.328171,6.0739784,9.846789,7.20833,6.0919976
2001-04-01,25.294407,-9.822193,5.5592527,9.790343,7.601814,5.7622385
2001-05-01,25.363752,-9.802519,5.3431015,9.876975,8.277989,5.8833704
2001-06-01,24.950325,-9.338108,6.1773825,9.892002,7.083378,6.086062
2001-07-01,24.987797,-9.261729,6.10605,9.867269,7.1717157,6.1172986
2001-08-01,25.225084,-9.812511,5.622089,9.742515,7.434429,5.7474756
2001-12-01,25.40689,-9.704158,5.3237114,9.753599,8.217532,5.9490232
2002-01-01,25.231762,-9.851525,5.3290005,9.92144,8.552985,5.9315667
2002-02-01,25.290636,-9.365737,5.675554,9.745377,7.739611,6.0131006
2002-03-01,25.18637,-9.87696,5.354099,9.999693,8.643936,5.903031
2002-04-01,25.472218,-9.624131,5.3510833,9.668529,8.175316,5.9445586
2002-05-01,24.76586,-8.654321,6.245824,9.916094,7.72996,6.7524567
2002-06-01,25.365797,-9.014687,5.671561,9.717717,8.238922,6.385826
2002-07-01,25.400888,-9.988054,5.635575,9.8550205,7.728787,5.9631934
2002-08-01,25.443447,-9.789671,5.369041,9.875994,8.221398,5.9459257
2002-09-01,25.325994,-9.424839,5.819907,9.7482605,7.544547,6.087193
2002-10-01,25.495432,-9.81102,5.411014,9.824793,8.110169,5.9395394
2002-11-01,25.410938,-9.584368,5.286554,9.677123,8.31063,6.120224
2002-12-01,25.284609,-9.587301,5.6849566,9.740405,7.415776,5.9043703
2003-01-01,25.11198,-10.048593,5.272144,10.20525,9.095411,5.770126
2003-02-01,25.404293,-9.666588,5.7307076,9.785842,7.680563,6.035944
2003-03-01,25.025387,-8.912653,6.002793,9.728028,7.609651,6.386103
2003-05-01,25.223719,-9.832714,5.3942904,9.995412,8.543426,5.856895
2003-06-01,25.189035,-10.044218,5.259505,10.198047,9.054142,5.7512016
2003-07-01,25.508377,-9.426898,5.3368435,9.634576,8.30489,6.04448
2003-08-01,25.578098,-9.5931,5.2112656,9.806955,8.639069,6.062871
2003-09-01,25.330734,-8.832301,5.490655,9.597102,8.544239,6.54177
2003-10-01,24.853252,-8.550191,5.9850574,9.836255,7.9066615,7.014383
2003-11-01,25.394024,-9.622737,5.0648613,9.93248,9.237804,6.144551
2003-12-01,25.533575,-9.474399,5.1258645,9.799732,8.983809,6.1791363
2004-01-01,25.526882,-9.562027,5.126546,9.876771,9.017681,6.1033397
2004-02-01,25.067636,-8.676197,5.8908834,9.757618,8.251604,6.7771754
2004-03-01,26.0492,-8.836257,4.2154307,9.350248,8.998857,7.8954535
2004-04-01,25.684893,-9.18101,5.0086045,9.634121,8.956418,6.503666
2004-05-01,25.070967,-10.02432,5.1042013,10.09881,9.320582,5.9087863
2004-06-01,25.095198,-8.92099,5.8645782,9.647875,7.7394004,6.364564
2004-07-01,25.170181,-8.412162,5.4180603,9.728394,8.675866,7.5897107
2004-08-01,25.390486,-8.977879,5.614519,9.67312,8.317932,6.44012
2004-09-01,25.444466,-9.519864,5.138076,9.950818,9.193974,6.222825
2004-10-01,25.093369,-10.044441,5.250791,10.165479,9.106045,5.809534
2004-11-01,25.030308,-8.857841,5.9388437,9.670311,7.721822,6.4159503
2004-12-01,25.0499,-8.341365,5.712369,9.914261,8.82715,7.5487523
2005-01-01,24.700304,-9.592499,6.278729,10.081967,8.358904,6.4757805
2005-02-01,25.08826,-10.006946,5.114479,10.107554,9.309796,5.9175344
2005-03-01,25.644897,-9.2735,5.060166,9.678402,8.945666,6.363424
2005-04-01,25.901869,-8.691763,4.2130814,9.258596,9.07946,7.9158335
2005-05-01,24.748753,-8.703431,6.152023,9.810619,7.6605005,6.6745763
2005-06-01,25.54125,-9.464943,5.1195493,9.799787,9.00405,6.200334
2005-07-01,25.443796,-9.6727915,5.1305194,9.937736,9.077951,5.9805098
2005-08-01,25.10181,-9.984613,5.0569715,10.067381,9.3602,5.960025
2005-12-01,25.380514,-9.713818,5.1467757,9.967457,9.114737,5.9445863
2006-02-01,24.77026,-8.850377,6.2434983,9.918909,7.323456,6.483036
2006-03-01,25.561838,-9.126268,5.144958,9.700018,9.009652,6.46465
2006-04-01,25.45653,-9.6845875,5.1593904,10.001778,9.079067,5.9074006
2006-05-01,25.038969,-8.849762,5.9393115,9.66557,7.715525,6.4245687
2006-06-01,25.10073,-8.8814335,5.900074,9.835463,8.079941,6.250315
2006-07-01,25.489994,-9.718496,5.194236,10.04317,8.953812,5.802083
2006-08-01,25.32498,-8.881686,5.4556932,9.635838,8.662039,6.5432067
2006-10-01,25.350641,-9.696118,5.16024,9.925508,9.055725,5.921373
2006-11-01,25.027828,-9.985032,5.3968196,10.257726,8.994159,5.794643
2006-12-01,25.213755,-9.879611,5.1976166,10.228655,9.336152,5.974786
2007-01-01,24.544712,-9.052904,6.540542,10.239665,7.087435,6.294761
2007-02-01,24.954239,-9.949565,5.459939,10.264078,8.98597,5.934914
2007-03-01,25.075111,-10.0075245,5.103493,10.131028,9.367697,5.920922
2007-04-01,24.428204,-9.2306185,6.5190225,10.122923,7.0979934,5.9793386
2007-05-01,25.069016,-8.902029,5.921785,9.833468,8.022451,6.1999097
2007-06-01,24.21119,-9.114909,6.7857513,10.686456,7.1902714,6.1390934
2007-07-01,24.696968,-9.881938,6.168179,10.029639,7.1099877,5.593137
2007-08-01,24.280773,-9.327923,6.7981224,10.374868,6.9143176,6.056261
2007-09-01,24.973171,-10.009748,5.4566336,10.321577,8.96648,5.779943
2007-10-01,24.627974,-9.766731,6.347755,10.001834,6.816002,5.6520286
2007-11-01,24.933464,-10.155216,5.460537,10.406616,8.963729,5.592164
2007-12-01,24.318182,-9.123812,6.7201757,10.464001,7.111262,6.2301283
2008-01-01,24.140903,-10.344896,6.6385155,10.930691,7.0515494,5.244668
2008-02-01,24.857157,-10.120647,6.260046,9.924422,6.5194726,5.7118134
2008-03-01,24.208433,-10.339958,6.5796623,10.861696,7.0580854,5.2476664
2008-04-01,24.71204,-9.93623,6.2090473,9.8933735,6.6503963,5.6256423
2008-05-01,24.88206,-10.394776,5.7692647,10.251258,7.585106,5.3959503
2008-07-01,24.886938,-10.080778,6.2827578,9.926101,6.649298,5.6801724
2010-01-01,23.646004,-10.5470295,6.9710484,11.543674,7.1462064,5.321045
2010-04-01,23.545849,-10.408032,7.1038184,11.567071,7.076637,5.3819566
2010-06-01,23.708261,-10.414236,6.994634,11.433299,7.043669,5.2824054
2010-07-01,23.64094,-10.5193,6.993526,11.573373,7.1764455,5.2402506
2010-08-01,23.722315,-10.382961,6.971536,11.430327,7.087358,5.25593
2010-09-01,23.623564,-10.376063,7.055387,11.475785,7.057946,5.341526
2010-10-01,23.744635,-10.460846,6.8777146,11.55326,7.3298216,5.1175303
2010-11-01,23.588037,-10.259629,7.1394963,11.490892,7.003532,5.397965
2010-12-01,23.744593,-10.398273,6.900114,11.534648,7.340957,5.139748
2011-01-01,23.60707,-10.439177,7.0386834,11.521658,7.128638,5.2943034
2011-02-01,23.611637,-10.342166,7.117053,11.55611,7.1035724,5.2974453
2011-03-01,23.584497,-10.51187,7.047288,11.601183,7.124708,5.219406
2011-04-01,23.678888,-10.243896,7.0446653,11.432757,7.043806,5.35308
2011-05-01,23.553955,-10.212505,7.1547356,11.49068,7.079902,5.4428816
2011-06-01,23.6381,-10.161415,7.1555204,11.408323,6.9226646,5.5205226
2011-07-01,23.658081,-10.51886,6.9376717,11.608201,7.2978077,5.175145
2011-09-01,23.654764,-10.340183,7.099179,11.457531,6.9050636,5.4503927
2011-10-01,23.579489,-10.260742,7.148424,11.472859,7.0020757,5.420963
2011-11-01,23.770285,-10.466112,6.849096,11.504821,7.316032,5.096479
2011-12-01,23.603981,-10.255409,7.1724815,11.497008,6.9541225,5.454954
2012-01-01,23.763895,-10.491491,6.816779,11.583772,7.448539,5.11444
2012-02-01,23.621593,-10.280671,7.1666093,11.520217,6.9851704,5.381734
2012-03-01,23.862576,-9.868515,6.9034495,11.256243,7.2129025,5.462001
2012-04-01,23.566668,-10.227294,7.174605,11.470696,6.993265,5.469778
2012-05-01,23.647282,-10.027667,7.1328735,11.352324,7.0412917,5.594872
2012-06-01,23.603243,-10.466713,7.021032,11.604556,7.226602,5.228245
2012-07-01,23.792898,-10.372727,6.8397384,11.507818,7.4311576,5.111776
2012-08-01,24.193588,-10.262917,6.334342,11.142214,7.967256,5.158981
2012-09-01,23.764135,-10.277912,6.8387437,11.454603,7.4842277,5.3105817
2012-10-01,23.56261,-10.1350975,7.2096033,11.460876,6.944081,5.5331326
2012-11-01,23.663149,-9.944727,7.1691236,11.275997,6.9268136,5.6936107
2012-12-01,23.5773,-10.154016,6.861385,11.568803,7.478796,5.217766
2013-01-01,23.824156,-10.3305645,6.818718,11.513586,7.472653,5.087524
2013-02-01,24.034357,-10.405966,6.470759,11.348942,7.9776115,5.1494327
2013-03-01,23.992554,-9.268833,7.0214963,10.685293,7.182109,6.205583
2013-04-01,23.746794,-10.15367,6.875133,11.461278,7.4351788,5.271818
2013-05-01,24.05588,-10.364452,6.4533787,11.350262,7.9842854,5.157465
2013-06-01,23.636354,-10.519046,6.9559546,11.618145,7.30161,5.19702
2013-07-01,24.065363,-9.55925,6.7304535,10.883734,7.298381,5.3994055
2013-08-01,23.699118,-10.478307,6.884241,11.610627,7.4492106,5.1898613
2013-09-01,23.646383,-10.017798,7.1036744,11.430125,7.1731606,5.5920115
2013-10-01,23.786877,-10.343855,6.86126,11.506128,7.452842,5.1293592
2013-11-01,23.995424,-10.387598,6.516791,11.348145,7.9365473,5.160774
2013-12-01,23.81568,-10.166859,6.8395495,11.4142685,7.4288063,5.2032037
2014-01-01,23.988953,-9.746543,6.7896366,11.105523,7.2319756,5.4070807
2014-02-01,23.616716,-10.119386,7.1872773,11.382689,6.915197,5.584755
2014-03-01,23.813622,-9.904872,6.9136095,11.37279,7.491971,5.7748885
2014-04-01,23.901064,-10.387001,6.6792135,11.511956,7.687784,5.1143475
2014-05-01,23.827232,-9.760341,6.9759254,11.280543,7.307225,5.7462516
2014-06-01,23.818426,-10.423801,6.7893167,11.563554,7.5359316,5.11632
2014-07-01,23.858086,-10.154812,6.639618,11.55871,8.171049,5.3989935
2014-08-01,24.078848,-9.6446295,6.777012,10.818533,7.1999164,5.5365186
2014-09-01,23.883457,-9.829702,6.7750354,11.261355,7.5653005,5.3047132
2014-10-01,23.906473,-9.458795,7.0230546,10.991258,7.080863,5.916628
2014-11-01,23.98388,-9.422329,6.948228,10.716814,7.449836,6.3050103
2014-12-01,23.995491,-9.448846,6.980705,10.927559,7.188447,5.868874
2015-01-01,23.871748,-9.407277,7.0365944,10.940747,7.065373,5.8874583
2015-03-01,24.121176,-10.158,6.466581,11.437036,7.925167,5.09451
2015-04-01,24.116615,-9.286111,6.7817726,11.012254,7.2854953,5.7817397
2015-05-01,24.261581,-10.263308,6.218269,11.079391,8.133173,5.1706305
2015-06-01,23.875772,-9.395241,6.9955387,10.894726,7.362693,5.7565684
2015-07-01,23.959385,-9.42327,7.102174,10.759774,7.0450397,6.0905523
2015-08-01,23.965555,-9.461655,6.8263865,10.776701,7.29977,5.532497
2015-09-01,24.090637,-9.322384,6.8176155,10.812781,7.0675454,5.6435122
2015-10-01,24.095161,-10.326587,6.39881,11.347044,8.048352,5.0877094
2015-11-01,24.134354,-9.570885,6.56954,11.04401,7.5388665,5.3001595
2015-12-01,24.000315,-9.290417,6.907391,10.996484,7.167514,6.0077105
2016-01-01,23.679602,-10.605288,6.9053645,11.556031,7.191077,5.3776126
2016-02-01,24.11732,-9.327559,6.7692156,10.770798,7.0960917,5.5668883
2016-04-01,23.819948,-9.860975,6.8752923,11.315163,7.657704,5.635672
2016-05-01,23.983934,-9.481395,6.8485765,10.966188,7.331557,5.518711
2016-06-01,24.090754,-9.724373,6.7468047,10.6641865,7.375091,5.6906953
2016-07-01,24.036404,-9.149306,6.9485145,10.774736,7.2759714,6.221651
2016-08-01,24.04256,-9.891777,6.5705514,11.280126,7.8037024,5.1748047
2016-09-01,24.23385,-10.301208,6.245552,11.130107,8.165343,5.1689634
2016-10-01,23.87982,-10.121983,6.6140404,11.538449,8.158783,5.3600025
2016-11-01,24.13528,-9.466818,6.855853,10.866606,7.185296,5.800791
2016-12-01,24.67943,-9.829667,5.7862053,10.468401,8.910391,6.2911816
2017-01-01,24.29266,-9.952523,6.3247986,11.14414,8.022845,5.1979523
2017-02-01,24.130423,-9.362413,6.831048,11.044616,7.3097095,5.86481
2017-03-01,23.8685,-9.385503,7.063267,10.738678,7.531523,6.193723
2017-04-01,24.624994,-9.765867,5.885696,10.696568,8.745106,6.246306
2017-05-01,23.936165,-9.346165,7.016951,10.685851,7.2666993,6.0685825
2017-06-01,24.047821,-10.315356,6.4526625,11.416165,8.094727,5.199013
2017-07-01,24.064215,-9.560911,6.6938014,10.80001,7.3327355,5.369456
2017-08-01,24.271692,-10.096509,6.2607145,11.154059,8.124871,5.161234
2017-09-01,24.021708,-10.440803,6.45019,11.316389,8.045468,5.1563635
2017-10-01,24.018345,-9.121084,6.9599996,10.674584,7.415612,6.334103
2017-11-01,24.18802,-10.120132,6.32219,11.27004,8.108491,5.107803
2017-12-01,23.874006,-9.298257,7.0062513,10.829192,7.4648337,6.123925
2018-01-01,24.330967,-9.873295,6.222608,10.979177,8.158767,5.4306326
2018-02-01,24.13555,-9.389292,6.8220835,11.179492,7.398707,5.905431
2018-03-01,23.994905,-9.11711,6.948518,10.717788,7.3786616,6.2520766
2018-04-01,24.665272,-9.813352,5.800956,10.564702,8.872554,6.156694
2018-05-01,24.200214,-9.4852705,6.5397444,11.123482,7.6137614,5.4180756
2018-06-01,23.94931,-9.487765,7.080732,10.6897335,7.0824933,6.1019177
2018-07-01,24.097206,-9.534562,6.6354184,10.822497,7.409056,5.323545
2018-08-01,23.908726,-10.283512,6.626236,11.495939,7.9485803,5.2819595
2018-09-01,24.402325,-9.756066,6.1871514,10.934148,8.182352,5.5663157
2018-10-01,24.038677,-9.804822,6.720008,10.852682,7.2405047,5.30162
2018-11-01,23.966309,-9.284056,7.039115,10.725944,7.051531,6.1087956
2018-12-01,23.68288,-10.022476,6.8202715,11.455869,7.5237393,5.2204456
2019-01-01,24.123096,-9.323743,6.784915,10.769737,7.0564723,5.6322227
2019-02-01,24.24132,-10.132286,6.2811103,11.12789,8.07599,5.170279
2019-03-01,24.14469,-10.141991,6.386593,11.36276,8.012967,5.0586033
2019-04-01,24.171116,-9.508072,6.5544677,10.997376,7.508551,5.3333287
2019-05-01,24.018774,-9.381856,7.0647454,10.688758,6.9961205,6.089444
2019-06-01,23.929613,-9.417451,6.8273144,10.690821,7.425064,5.5735087
2019-07-01,24.18405,-10.08621,6.3044176,11.247094,8.125214,5.0887623
2019-08-01,23.98723,-9.370467,7.096752,10.684688,7.0534887,6.1597676
2019-09-01,24.185354,-9.527801,6.5234385,10.899997,7.496244,5.3169317
2019-10-01,24.189465,-9.955836,6.3442254,11.300864,7.9868984,5.0144005
2019-11-01,24.19331,-9.290238,6.585585,10.3130455,7.6994867,6.052721
2019-12-01,24.16472,-9.885731,6.400882,11.282456,7.9572864,5.0737624
2020-01-01,24.120018,-9.14696,6.811047,10.879363,7.3036904,6.1020746
2020-02-01,23.884996,-9.213526,6.9446754,10.630792,7.6296577,6.1517076
2020-09-01,25.454891,-8.942053,4.460306,9.338043,9.846886,7.8294983
2020-10-01,25.427567,-8.964302,4.495149,9.369327,9.884896,7.8120613
2020-11-01,25.441874,-8.994262,4.4591274,9.344265,9.868456,7.7880225
2020-12-01,24.733128,-9.780556,5.7044916,10.430434,9.004571,6.3830953
2021-01-01,25.126902,-8.703669,5.7371154,9.806019,8.610952,6.8602905
2021-04-01,25.28427,-9.39162,5.362368,10.094472,9.190756,6.355469
2021-05-01,25.532946,-9.131662,4.3585463,9.282799,9.785227,7.682149
2021-06-01,25.136614,-8.665619,6.01153,10.467228,8.690727,6.961121
2021-08-01,25.655575,-8.991369,4.2470503,9.188018,9.636553,7.846512
2021-09-01,24.221508,-9.648144,6.37129,11.22458,7.9045606,5.27813
2021-11-01,25.534845,-9.00522,4.4038825,9.396024,9.831615,7.8441052
2021-12-01,25.701763,-9.004937,4.209758,9.149573,9.567466,7.8921585
2022-02-01,25.55107,-9.063535,4.3619,9.339299,9.816011,7.7728133
2022-06-01,25.412182,-9.799532,5.338797,10.386065,8.948802,5.7643094
2022-08-01,24.214216,-9.404716,6.5128407,10.425933,7.5131087,5.557215
2022-09-01,24.935787,-10.146851,5.456559,10.378905,8.951607,5.605212
2022-10-01,24.529264,-10.161693,6.006709,11.012263,8.38589,5.263436
2022-11-01,24.285547,-9.321747,6.8013678,10.517358,7.005847,6.0539856
2022-12-01,23.908884,-9.195085,6.9693475,10.803634,7.326258,6.027891
2023-02-01,24.34248,-9.19807,6.5730166,10.2017975,7.1529746,5.9382153
2023-03-01,25.155815,-10.421017,6.2335687,10.080451,7.072313,5.611586
2023-04-01,24.706648,-9.5886545,5.838527,10.796301,8.622907,6.0490394
2023-05-01,24.391195,-9.175867,6.52342,10.162488,7.151154,5.9502435
2023-06-01,24.123482,-10.003158,6.38465,11.370851,8.100765,5.122069
2023-07-01,24.19941,-9.39624,6.5626717,10.321054,7.5980115,5.862577
2023-08-01,24.96678,-10.137913,5.476683,10.381712,8.876881,5.5774283
2023-09-01,24.125816,-9.095363,6.807614,10.579476,7.406119,6.200247
2023-10-01,24.352764,-9.227522,6.621491,10.282829,7.0383973,5.8717217
2023-11-01,24.055094,-10.062322,6.436137,11.423125,8.28929,5.4187913
2023-12-01,24.305689,-9.73738,6.5605063,10.479254,7.4617686,5.8425207
2024-01-01,24.305628,-9.534074,6.3954964,10.861732,7.5045166,5.3171353
2024-02-01,25.20051,-10.087701,5.26474,10.228728,9.057761,5.7098303
2024-03-01,24.186726,-9.218956,6.646393,10.343053,7.3907933,5.938528
2024-04-01,24.4052,-9.193223,6.5648108,10.202688,7.0575233,5.903845
2024-05-01,23.983017,-9.395128,7.063022,10.618528,7.099232,6.1528716
2024-06-01,24.033972,-9.431308,6.7079325,10.596472,7.385703,5.481428
2024-07-01,24.158056,-10.109558,6.3091784,11.321728,8.139358,5.056403
2024-08-01,24.078375,-9.465395,7.023413,10.67087,6.996344,6.0407104
2024-09-01,24.201973,-9.43028,6.5144415,10.582996,7.4886885,5.4520745
2024-10-01,24.257942,-9.967822,6.247777,11.304346,8.060014,4.96838
2024-11-01,24.261995,-9.678785,6.702103,10.609262,7.310523,5.9060273
2024-12-01,24.413849,-9.663272,6.1162224,10.515411,8.565457,6.305903
2025-01-01,24.218102,-9.078625,6.5405836,10.990312,7.638599,5.8370724
2025-02-01,24.330078,-9.073923,6.538237,10.274233,7.8471065,6.4951024
2025-03-01,24.613028,-8.932646,6.4944596,10.436259,7.5764513,6.47901
2025-04-01,25.103848,-10.091308,5.7384353,10.136864,7.9598103,5.603702
2025-05-01,24.002243,-10.179401,6.4859695,11.468496,8.2081995,5.29756
2025-06-01,24.16237,-9.47087,6.560442,10.545871,7.4743757,5.431365
2025-07-01,24.20648,-9.626378,6.6301465,10.41003,7.457281,5.8627753
2025-08-01,24.226067,-10.315279,6.261157,11.155516,8.160402,5.1528544
2025-09-01,24.711155,-9.698418,5.8233933,10.709076,8.322484,5.791615
2025-10-01,24.3143,-9.394888,6.6328425,10.31686,6.978941,5.730358
2025-11-01,23.949215,-10.11605,6.5456896,11.503973,8.1711,5.289792
2025-12-01,24.159176,-9.375672,6.669253,10.418496,7.269044,5.613901
2026-01-01,23.941456,-9.267006,6.9941096,10.7451105,7.5504003,6.3437085
