strategy,family,mode,l_value,forecast_mode,control_group,comparison,mean_return,gross_mean_return,volatility,sharpe_monthly,sharpe_annualized,sortino_monthly,sortino_annualized,avg_drawdown,max_drawdown,positive_return_pct,cumulative_return,avg_monthly_turnover,annualized_turnover,mean_transaction_cost,total_transaction_cost,cost_drag_mean_return
SPY_buy_and_hold,SPY_buy_and_hold,benchmark,0,benchmark,benchmark,benchmark,0.009911866829813128,0.009913671883964753,0.04214573281958742,0.2351807921395673,0.8146901619000516,0.3648876114462261,1.2640077641546292,-0.0952462276488845,-0.5078481388304449,0.6498194945848376,11.027757329949548,0.0036101083032490976,0.043321299638989175,1.8050541516245488e-06,0.0005,1.8050541516247132e-06
equal_weight_benchmark,equal_weight_benchmark,benchmark,0,benchmark,benchmark,benchmark,0.009761899802263716,0.00977455652051284,0.041716131620144634,0.23400779082664788,0.8106267661574087,0.3630790874529872,1.257742853268635,-0.0813267460659837,-0.49302773090433893,0.6642599277978339,10.597760189545754,0.02531343649824593,0.30376123797895116,1.2656718249122967e-05,0.003505910955007062,1.265671824912315e-05
black_litterman_lns_l1,black_litterman,lns,1,soft,treatment,bl_vs_mvo,0.00900769537045575,0.009137072654601714,0.05077902512926779,0.1773900807966464,0.6144972653970795,0.26832371114213927,0.9295006011472409,-0.17107526179972168,-0.4894732841100774,0.6209386281588448,7.3938896861953864,0.25875456829192706,3.105054819503125,0.00012937728414596353,0.0358375077084319,0.00012937728414596367
black_litterman_lns_l2,black_litterman,lns,2,soft,treatment,bl_vs_mvo,0.008321614836796063,0.008425900030711635,0.046095248008651814,0.18053086155939857,0.6253772491101229,0.26382084923833304,0.9139022299535235,-0.15434800430720527,-0.5044788528865207,0.6173285198555957,6.385313842262861,0.20857038783114049,2.502844653973686,0.00010428519391557026,0.02888699871461296,0.00010428519391557194
black_litterman_lns_l3,black_litterman,lns,3,soft,treatment,bl_vs_mvo,0.007025253738229127,0.007152820981349946,0.04283855476040617,0.16399371494955908,0.5680908928292081,0.23507914608732344,0.8143380496463013,-0.14301821450359495,-0.487094619579285,0.6353790613718412,4.3812242056905095,0.2551344862416399,3.061613834899679,0.00012756724312081998,0.03533612634446713,0.00012756724312081892
black_litterman_lns_l4,black_litterman,lns,4,soft,treatment,bl_vs_mvo,0.006947137949452037,0.007047297106009907,0.041247989343792,0.16842367494690044,0.5834367244109939,0.2424086713520579,0.8397282699540609,-0.1344323863025713,-0.45754652743614366,0.631768953068592,4.366836403278694,0.20031831311574058,2.403819757388887,0.00010015915655787028,0.027744086366530068,0.0001001591565578698
black_litterman_lns_l5,black_litterman,lns,5,soft,treatment,bl_vs_mvo,0.00749641209043949,0.00753202305133317,0.040587528017581705,0.184697429397331,0.6398106634870857,0.2709607234638259,0.9386354797899337,-0.12044092402386379,-0.4276467663996353,0.6462093862815884,5.294572814034053,0.0712219217873611,0.8546630614483333,3.561096089368055e-05,0.009864236167549511,3.5610960893679884e-05
black_litterman_lns_l6,black_litterman,lns,6,soft,treatment,bl_vs_mvo,0.007496412090439492,0.00753202305133317,0.040587528017581705,0.18469742939733103,0.6398106634870858,0.270960723463826,0.938635479789934,-0.12044092402386386,-0.4276467663996354,0.6462093862815884,5.2945728140340504,0.0712219217873611,0.8546630614483333,3.561096089368055e-05,0.009864236167549511,3.561096089367815e-05
black_litterman_lns_l7,black_litterman,lns,7,soft,treatment,bl_vs_mvo,0.00749641209043949,0.00753202305133317,0.040587528017581705,0.184697429397331,0.6398106634870857,0.27096072346382594,0.9386354797899339,-0.12044092402386379,-0.4276467663996353,0.6462093862815884,5.294572814034054,0.0712219217873611,0.8546630614483333,3.561096089368055e-05,0.009864236167549513,3.5610960893679884e-05
black_litterman_lns_l8,black_litterman,lns,8,soft,treatment,bl_vs_mvo,0.00749641209043949,0.00753202305133317,0.040587528017581705,0.184697429397331,0.6398106634870857,0.27096072346382594,0.9386354797899339,-0.12044092402386379,-0.4276467663996353,0.6462093862815884,5.294572814034054,0.0712219217873611,0.8546630614483333,3.561096089368055e-05,0.009864236167549511,3.5610960893679884e-05
black_litterman_lns_l9,black_litterman,lns,9,soft,treatment,bl_vs_mvo,0.007496412090439492,0.00753202305133317,0.040587528017581705,0.18469742939733103,0.6398106634870858,0.27096072346382594,0.9386354797899339,-0.12044092402386379,-0.4276467663996353,0.6462093862815884,5.294572814034053,0.0712219217873611,0.8546630614483333,3.561096089368055e-05,0.009864236167549511,3.561096089367815e-05
black_litterman_lns_l10,black_litterman,lns,10,soft,treatment,bl_vs_mvo,0.007496412090439492,0.00753202305133317,0.040587528017581705,0.18469742939733103,0.6398106634870858,0.27096072346382594,0.9386354797899339,-0.12044092402386379,-0.4276467663996353,0.6462093862815884,5.294572814034053,0.0712219217873611,0.8546630614483333,3.561096089368055e-05,0.009864236167549511,3.561096089367815e-05
black_litterman_lo_l1,black_litterman,lo,1,soft,treatment,bl_vs_mvo,0.012290453539068838,0.012389072727706615,0.05328526160838234,0.23065390256309484,0.799008556406643,0.38279328753351494,1.3260348456087399,-0.09841645099244165,-0.3802118859379764,0.6101083032490975,19.04004504400136,0.19723837727555574,2.366860527306669,9.861918863777788e-05,0.027317515252664473,9.861918863777672e-05
black_litterman_lo_l2,black_litterman,lo,2,soft,treatment,bl_vs_mvo,0.011637753058550512,0.011707380786248533,0.04692740209547787,0.2479948290099779,0.8590792877192757,0.40065450796878216,1.3879079281668805,-0.0900078403389089,-0.3488724294909944,0.631768953068592,17.248674341159248,0.13925545539603948,1.6710654647524739,6.962772769801974e-05,0.019286880572351468,6.962772769802082e-05
black_litterman_lo_l3,black_litterman,lo,3,soft,treatment,bl_vs_mvo,0.009784085924153871,0.009895671504696972,0.042788468482060506,0.22866174628932903,0.7921075246410841,0.3640290516754525,1.2610336258660002,-0.08606374794728691,-0.33765894558492493,0.6353790613718412,10.547923556698098,0.22317116108619783,2.678053933034374,0.0001115855805430989,0.030909205810438396,0.00011158558054310055
black_litterman_lo_l4,black_litterman,lo,4,soft,treatment,bl_vs_mvo,0.009358889377093444,0.009454043711493117,0.04066570143606476,0.23014208649044535,0.7972355735227244,0.3637271109607339,1.2599876725484676,-0.08593784986067005,-0.33439054031524085,0.6425992779783394,9.52303994184851,0.19030866879934885,2.2837040255921863,9.515433439967443e-05,0.026357750628709816,9.515433439967295e-05
black_litterman_lo_l5,black_litterman,lo,5,soft,treatment,bl_vs_mvo,0.009038629697613182,0.009132598506886282,0.03988367758238672,0.22662478100075675,0.7850512698949613,0.3596200417334615,1.2457603674047906,-0.07946004760597697,-0.3253213990359376,0.6462093862815884,8.722616255186125,0.1879376185462004,2.2552514225544047,9.39688092731002e-05,0.026029360168648756,9.396880927309975e-05
black_litterman_lo_l6,black_litterman,lo,6,soft,treatment,bl_vs_mvo,0.009679302933961033,0.00974624958365946,0.03931738277180534,0.24618380603151696,0.8528057200945376,0.3930588830968169,1.3615959117799252,-0.0773356769263264,-0.32296235257070993,0.6498194945848376,10.663220451199175,0.13389329939685565,1.6067195927622677,6.694664969842783e-05,0.01854422196646451,6.694664969842702e-05
black_litterman_lo_l7,black_litterman,lo,7,soft,treatment,bl_vs_mvo,0.009533048705219635,0.009594410435968764,0.03861944645713912,0.24684581421434054,0.8550989837098911,0.39425934463978524,1.3657544325498325,-0.07465584985923525,-0.3210605361669687,0.6425992779783394,10.287756891373064,0.12272346149825453,1.4726815379790543,6.136173074912726e-05,0.01699719941750825,6.136173074912897e-05
black_litterman_lo_l8,black_litterman,lo,8,soft,treatment,bl_vs_mvo,0.009320946662958024,0.009376177167644818,0.03843854206940989,0.24248959927061875,0.8400086124874573,0.38488633221049573,1.3332853650548246,-0.0761503391626873,-0.32969763270058383,0.6498194945848376,9.667594299638111,0.11046100937358704,1.3255321124830444,5.523050468679352e-05,0.015298849798241806,5.5230504686793955e-05
black_litterman_lo_l9,black_litterman,lo,9,soft,treatment,bl_vs_mvo,0.009423605034215129,0.009471006169626135,0.03805385190059448,0.24763866372402402,0.8578454949769468,0.39570024095557377,1.3707458438046016,-0.07437179663836287,-0.336435524900344,0.6534296028880866,10.019254355239962,0.09480227082201348,1.1376272498641617,4.740113541100673e-05,0.013130114508848864,4.740113541100606e-05
black_litterman_lo_l10,black_litterman,lo,10,soft,treatment,bl_vs_mvo,0.00947139078765327,0.00951219247839019,0.03806586247782952,0.2488158725726926,0.8619234660509741,0.3964802092464815,1.3734477332208912,-0.07197675587704441,-0.3267997945853697,0.6606498194945848,10.162018360313919,0.08160338147383873,0.9792405776860649,4.080169073691937e-05,0.011302068334126664,4.080169073691908e-05
black_litterman_los_l1,black_litterman,los,1,soft,treatment,bl_vs_mvo,0.01036038290402811,0.010450822471107433,0.0634269397403634,0.16334357209157624,0.5658387319047995,0.2505659567308116,0.8679859354097412,-0.18989684324974407,-0.5646531543295641,0.6028880866425993,8.98298658253176,0.18087913415864446,2.1705496099037336,9.043956707932223e-05,0.025051760080972256,9.043956707932219e-05
black_litterman_los_l2,black_litterman,los,2,soft,treatment,bl_vs_mvo,0.009513933295989431,0.009577037781398338,0.05555414459411594,0.1712551487472117,0.5932452373758724,0.25156083743325497,0.8714323032579446,-0.1728922015915071,-0.5489904389289514,0.6173285198555957,7.949596399847993,0.12620897081781446,1.5145076498137735,6.310448540890724e-05,0.017479942458267304,6.31044854089071e-05
black_litterman_los_l3,black_litterman,los,3,soft,treatment,bl_vs_mvo,0.00744320091061011,0.007557436154959777,0.04940077843018969,0.15066970900323787,0.5219351823104518,0.2149935472715339,0.7447594943475158,-0.18812894453758497,-0.54569136855806,0.6245487364620939,4.540269422260652,0.228470488699335,2.7416458643920203,0.00011423524434966749,0.031643162684857895,0.00011423524434966623
black_litterman_los_l4,black_litterman,los,4,soft,treatment,bl_vs_mvo,0.007355509138542771,0.00745045604361833,0.046856683721139596,0.1569788673547185,0.5437907479459757,0.22436601672537795,0.7772266809204061,-0.16432470520531559,-0.5083260839226931,0.6353790613718412,4.597485102607379,0.18989381015111897,2.278725721813428,9.494690507555946e-05,0.02630029270592997,9.494690507555904e-05
black_litterman_los_l5,black_litterman,los,5,soft,treatment,bl_vs_mvo,0.007182136263662723,0.0072707234261196255,0.04520019625761799,0.15889613006829045,0.5504323408087036,0.2288960320748607,0.7929191144091482,-0.15197493073541266,-0.48766000757194505,0.6353790613718412,4.4556792772333536,0.17717432491380528,2.1260918989656634,8.858716245690264e-05,0.02453864400056203,8.858716245690231e-05
black_litterman_los_l6,black_litterman,los,6,soft,treatment,bl_vs_mvo,0.007731491056847727,0.007796147203919275,0.043691309992247296,0.17695718114699752,0.6129976570215383,0.2595194989820557,0.8990019155834799,-0.13831575468086593,-0.45589311379824793,0.6353790613718412,5.474227523738101,0.12931229414309442,1.551747529717133,6.46561470715472e-05,0.017909752738818573,6.465614707154826e-05
black_litterman_los_l7,black_litterman,los,7,soft,treatment,bl_vs_mvo,0.007630853952193042,0.0076892434032247515,0.04276141651320677,0.17845185156193946,0.6181753472200373,0.26239648416806605,0.9089680846130658,-0.13273376647172633,-0.4480912711804593,0.631768953068592,5.369819695514837,0.11677890206341514,1.4013468247609817,5.838945103170757e-05,0.016173877935782996,5.8389451031709214e-05
black_litterman_los_l8,black_litterman,los,8,soft,treatment,bl_vs_mvo,0.007318765654478821,0.0073701959635563506,0.041589648291389,0.1759756563268208,0.6095975553066664,0.25646059550820355,0.8884055631191582,-0.12383631154450153,-0.4339759182877525,0.631768953068592,4.924682264937543,0.10286061815505597,1.2343274178606716,5.143030907752798e-05,0.014246195614475252,5.143030907752994e-05
black_litterman_los_l9,black_litterman,los,9,soft,treatment,bl_vs_mvo,0.007392638379507624,0.007436516658493415,0.041152846106201485,0.17963856887151233,0.6222862565688406,0.2623389045743821,0.9087686230495862,-0.12378404541229408,-0.4336154517808055,0.6389891696750902,5.077347544219905,0.08775655797157958,1.053078695658955,4.3878278985789795e-05,0.012154283279063772,4.3878278985790865e-05
black_litterman_los_l10,black_litterman,los,10,soft,treatment,bl_vs_mvo,0.00749641209043949,0.007532023051333168,0.040587528017581705,0.184697429397331,0.6398106634870857,0.2709607234638259,0.9386354797899337,-0.12044092402386379,-0.4276467663996353,0.6462093862815884,5.294572814034053,0.0712219217873611,0.8546630614483333,3.561096089368055e-05,0.009864236167549511,3.561096089367815e-05
black_litterman_mx_l1,black_litterman,mx,1,soft,treatment,bl_vs_mvo,0.011152870619457893,0.011255777519247724,0.052578245884792166,0.21211948842674822,0.7348034624612927,0.34638168874194547,1.1999013674251162,-0.10852428212277107,-0.40370676338251166,0.5956678700361011,13.812532432597807,0.20581379957965887,2.4697655949559065,0.00010290689978982944,0.028505211241782756,0.00010290689978983102
black_litterman_mx_l2,black_litterman,mx,2,soft,treatment,bl_vs_mvo,0.010392238378098145,0.010465746861833243,0.04622606392170718,0.2248133952243786,0.7787764455013723,0.3564293718378652,1.2347075626660842,-0.10662848828944742,-0.38993923606325387,0.6209386281588448,12.07904917999615,0.14701696747019485,1.7642036096423381,7.350848373509742e-05,0.020361849994621983,7.350848373509876e-05
black_litterman_mx_l3,black_litterman,mx,3,soft,treatment,bl_vs_mvo,0.008378552758857261,0.008496282316134248,0.04185884452916724,0.2001620649853124,0.6933817326049287,0.3086324522475313,1.069134176314599,-0.11923836934318621,-0.40550988619897244,0.631768953068592,6.928162885147568,0.23545911455397633,2.825509374647716,0.00011772955727698817,0.032611087365725724,0.00011772955727698715
black_litterman_mx_l4,black_litterman,mx,4,soft,treatment,bl_vs_mvo,0.008044042270129854,0.008144374950537723,0.039786906003783075,0.20217813039709595,0.7003655880541116,0.30961866420518086,1.072550514749961,-0.11197077817431818,-0.3767397215599426,0.6425992779783394,6.398605746132984,0.20066536081573796,2.4079843297888557,0.00010033268040786898,0.027792152472979708,0.00010033268040786879
black_litterman_mx_l5,black_litterman,mx,5,soft,treatment,bl_vs_mvo,0.0077759241163394685,0.007872729669535923,0.0388759958781968,0.20001864751458404,0.6928849199129398,0.3083622466091412,1.0681981565262326,-0.10395479501591556,-0.3544290015088336,0.6425992779783394,5.942878392688143,0.19361110639291285,2.323333276714954,9.680555319645642e-05,0.02681513823541843,9.680555319645495e-05
black_litterman_mx_l6,black_litterman,mx,6,soft,treatment,bl_vs_mvo,0.00841680400035018,0.008488186381486679,0.03813596797771196,0.22070513603507494,0.7645450182083009,0.34298739993958627,1.1881432061026198,-0.09919897071758443,-0.334529769101118,0.6425992779783394,7.345481113564741,0.14276476227300106,1.7131771472760127,7.138238113650055e-05,0.01977291957481065,7.138238113649914e-05
black_litterman_mx_l7,black_litterman,mx,7,soft,treatment,bl_vs_mvo,0.008314341942327193,0.008379366636199804,0.03735782552032342,0.22255957959341133,0.7709689991339158,0.3468091240761715,1.2013820468567755,-0.09506438104426872,-0.32590495614366355,0.6389891696750902,7.179753700702044,0.13004938774521962,1.5605926529426355,6.502469387260982e-05,0.01801184020271292,6.502469387261074e-05
black_litterman_mx_l8,black_litterman,mx,8,soft,treatment,bl_vs_mvo,0.008059737829317144,0.00811858382883268,0.03683708727088702,0.2187941128474317,0.7579250396974202,0.3373347728221277,1.16856193137526,-0.09590521917985195,-0.32892719433342565,0.6462093862815884,6.664621030864148,0.11769199903107246,1.4123039883728694,5.884599951553623e-05,0.016300341865803536,5.884599951553639e-05
black_litterman_mx_l9,black_litterman,mx,9,soft,treatment,bl_vs_mvo,0.008178836844998193,0.00822968188670157,0.03641466065973684,0.2246028576628043,0.7780471219942755,0.34848162598205457,1.207175763410266,-0.0944105612431148,-0.33280700144558684,0.6498194945848376,6.9550102095839845,0.10169008340675743,1.2202810008810892,5.084504170337871e-05,0.014084076551835903,5.0845041703377614e-05
black_litterman_mx_l10,black_litterman,mx,10,soft,treatment,bl_vs_mvo,0.008222954125517046,0.00826687096243203,0.03630098928578933,0.22652148845805886,0.7846934540309699,0.3506201921319688,1.214583973864263,-0.09141894795241266,-0.3217765278292526,0.6570397111913358,7.060295829803049,0.08783367382997485,1.0540040859596982,4.391683691498743e-05,0.012164963825451519,4.391683691498498e-05
mvo_lns_l1,mvo,lns,1,soft,control,bl_vs_mvo,-0.0022516097881635035,-0.0021431968098332916,0.02451614963465708,-0.09184190102105314,-0.3181496776643519,-0.1298646828443081,-0.44986445759031995,-0.4235399791345061,-0.6520704288887708,0.4043321299638989,-0.5068999983136184,0.21682595666042534,2.601911479925104,0.00010841297833021266,0.030030394997468908,0.00010841297833021199
mvo_lns_l2,mvo,lns,2,soft,control,bl_vs_mvo,-0.0015262747134840468,-0.001406948798096167,0.016498147327260404,-0.09251188531709469,-0.3204705713463864,-0.1286707194593167,-0.4457284470999559,-0.2997293331700583,-0.4918954657911434,0.4259927797833935,-0.36909663760582156,0.23865183077575966,2.863821969309116,0.00011932591538787986,0.03305327856244272,0.00011932591538787985
mvo_lns_l3,mvo,lns,3,soft,control,bl_vs_mvo,-0.0004725441673974633,-0.0003521755336594518,0.011746550564505416,-0.040228334675998526,-0.13935503912542863,-0.058096370870789095,-0.20125173216714248,-0.1619098011367896,-0.2608501529061813,0.4368231046931408,-0.13923888562703102,0.24073726747602267,2.888847209712272,0.00012036863373801134,0.03334211154542914,0.00012036863373801149
mvo_lns_l4,mvo,lns,4,soft,control,bl_vs_mvo,0.0001681165834944972,0.00028522824286641383,0.009038113417808035,0.018600849062510392,0.06443523128037583,0.02738961927424972,0.09488042436593662,-0.06769179035814506,-0.10619862574578676,0.49097472924187724,0.03593275150344688,0.23422331874383368,2.8106798249260043,0.00011711165937191685,0.032439929646020965,0.00011711165937191664
mvo_lns_l5,mvo,lns,5,soft,control,bl_vs_mvo,0.000919041899857988,0.0010108990116369102,0.007936392698747826,0.11580096080716759,0.40114629536661306,0.17926051119742575,0.6209766263694221,-0.02240890833863569,-0.05175357190585517,0.5740072202166066,0.27862129439698746,0.18371422355784428,2.2045706826941314,9.185711177892211e-05,0.025444419962761426,9.185711177892215e-05
mvo_lns_l6,mvo,lns,6,soft,control,bl_vs_mvo,0.000919041899857988,0.0010108990116369102,0.007936392698747826,0.11580096080716759,0.40114629536661306,0.17926051119742575,0.6209766263694221,-0.0224089083386357,-0.05175357190585517,0.5740072202166066,0.27862129439698724,0.18371422355784425,2.204570682694131,9.185711177892212e-05,0.02544441996276143,9.185711177892215e-05
mvo_lns_l7,mvo,lns,7,soft,control,bl_vs_mvo,0.0009190418998579878,0.0010108990116369102,0.007936392698747826,0.11580096080716756,0.40114629536661295,0.17926051119742573,0.620976626369422,-0.0224089083386357,-0.05175357190585517,0.5740072202166066,0.27862129439698724,0.18371422355784425,2.204570682694131,9.185711177892212e-05,0.02544441996276143,9.185711177892237e-05
mvo_lns_l8,mvo,lns,8,soft,control,bl_vs_mvo,0.0009190418998579883,0.0010108990116369102,0.007936392698747826,0.11580096080716762,0.4011462953666131,0.17926051119742584,0.6209766263694223,-0.02240890833863569,-0.05175357190585517,0.5740072202166066,0.27862129439698746,0.18371422355784428,2.2045706826941314,9.185711177892212e-05,0.02544441996276143,9.185711177892193e-05
mvo_lns_l9,mvo,lns,9,soft,control,bl_vs_mvo,0.000919041899857988,0.0010108990116369102,0.007936392698747826,0.11580096080716759,0.40114629536661306,0.17926051119742575,0.6209766263694221,-0.02240890833863569,-0.05175357190585517,0.5740072202166066,0.27862129439698746,0.18371422355784425,2.204570682694131,9.185711177892212e-05,0.02544441996276143,9.185711177892215e-05
mvo_lns_l10,mvo,lns,10,soft,control,bl_vs_mvo,0.000919041899857988,0.0010108990116369102,0.007936392698747826,0.11580096080716759,0.40114629536661306,0.17926051119742575,0.6209766263694221,-0.02240890833863569,-0.05175357190585517,0.5740072202166066,0.27862129439698746,0.18371422355784425,2.204570682694131,9.185711177892212e-05,0.02544441996276143,9.185711177892215e-05
mvo_lo_l1,mvo,lo,1,soft,control,bl_vs_mvo,0.014424549643076389,0.014590661672738627,0.045930892670089665,0.31404897236995566,1.0878975524191155,0.5652924420070428,1.9582304613817623,-0.06670352494390648,-0.3187741891887279,0.6209386281588448,38.765965231908844,0.33222405932447147,3.986688711893658,0.00016611202966223572,0.04601303221643929,0.00016611202966223745
mvo_lo_l2,mvo,lo,2,soft,control,bl_vs_mvo,0.012030644730351972,0.012204535563952582,0.04094612311328092,0.29381645478543045,1.0178100555762586,0.5032838147108142,1.7434262754124217,-0.06728839390630847,-0.29186900653969794,0.631768953068592,20.866525830936844,0.34778166720121645,4.173380006414598,0.00017389083360060822,0.048167760907368476,0.00017389083360060988
mvo_lo_l3,mvo,lo,3,soft,control,bl_vs_mvo,0.01112293594103176,0.011272775342015633,0.03923201699290098,0.28351680065402834,0.9821310070643083,0.4824274174936946,1.6711775961266433,-0.06626087179964955,-0.3004082267684768,0.6389891696750902,16.37375459286521,0.29967880196774893,3.596145623612987,0.0001498394009838745,0.04150551407253324,0.0001498394009838734
mvo_lo_l4,mvo,lo,4,soft,control,bl_vs_mvo,0.010823262473473896,0.010958592864476816,0.03847472621975448,0.28130836881476745,0.974480774763003,0.4732471011661198,1.6393760475088157,-0.06437724067378428,-0.28644895028650263,0.6498194945848376,15.125524614999065,0.27066078200584365,3.2479293840701238,0.00013533039100292185,0.03748651830780935,0.0001353303910029205
mvo_lo_l5,mvo,lo,5,soft,control,bl_vs_mvo,0.010321376333992263,0.010446611922688403,0.037821123579545445,0.27289978078743027,0.9453525713964763,0.45445152395452704,1.574266258132691,-0.06665325296337318,-0.3024994987372426,0.6534296028880866,13.146101355799873,0.25047117739228003,3.00565412870736,0.00012523558869614,0.03469025806883078,0.00012523558869614003
mvo_lo_l6,mvo,lo,6,soft,control,bl_vs_mvo,0.010258180086901776,0.010369653155470056,0.037630392102914766,0.2726035928312105,0.9443265462189511,0.45138885941475165,1.56365687695383,-0.06824199106271055,-0.30529025086779227,0.6498194945848376,12.927581951240018,0.22294613713655906,2.6753536456387086,0.0001114730685682795,0.03087803999341342,0.00011147306856828035
mvo_lo_l7,mvo,lo,7,soft,control,bl_vs_mvo,0.010087932990571978,0.01019465296903139,0.037392079670016676,0.269787962573826,0.9345729168967146,0.4436914471777978,1.5369922587914169,-0.06632979216715112,-0.30561978662914213,0.6570397111913358,12.322201334145348,0.21343995691882323,2.5612794830258787,0.0001067199784594116,0.029561434033257013,0.00010671997845941236
mvo_lo_l8,mvo,lo,8,soft,control,bl_vs_mvo,0.010305409831392115,0.010409961547797164,0.03755449969373532,0.2744121187989417,0.9505914639447872,0.45481566980116045,1.5755276963481595,-0.06512577427709666,-0.3051078980836196,0.6642599277978339,13.119965832202798,0.20910343281009516,2.509241193721142,0.00010455171640504756,0.028960825444198174,0.00010455171640504947
mvo_lo_l9,mvo,lo,9,soft,control,bl_vs_mvo,0.01030557899039936,0.010409914957488544,0.037553510664149296,0.2744238503442409,0.9506321032098063,0.4549305043880777,1.5759254950261732,-0.06503259658147824,-0.3027947701876662,0.6642599277978339,13.120806842062034,0.20867193417836843,2.504063210140421,0.00010433596708918422,0.02890106288370403,0.00010433596708918358
mvo_lo_l10,mvo,lo,10,soft,control,bl_vs_mvo,0.01030557899039936,0.010409914957488544,0.037553510664149296,0.2744238503442409,0.9506321032098063,0.4549305043880777,1.5759254950261732,-0.06503259658147824,-0.3027947701876662,0.6642599277978339,13.120806842062034,0.20867193417836843,2.504063210140421,0.00010433596708918422,0.02890106288370403,0.00010433596708918358
mvo_los_l1,mvo,los,1,soft,control,bl_vs_mvo,-0.008559884438032982,-0.008451623817308908,0.0430764815340495,-0.19871363986092694,-0.6883642407921391,-0.2552013868041262,-0.8840435362135683,-0.6478650376279078,-0.9387236519248771,0.3574007220216607,-0.9286014440784671,0.21652124144814647,2.5982548973777577,0.00010826062072407324,0.029988191940568287,0.00010826062072407348
mvo_los_l2,mvo,los,2,soft,control,bl_vs_mvo,-0.002490803676794807,-0.0023780148191701353,0.02645417442790471,-0.09415541141088976,-0.32616391274242296,-0.1318833030186037,-0.45685716299644696,-0.4315542096923415,-0.6699696936769817,0.40794223826714804,-0.5449529473573185,0.2255777152493431,2.7069325829921174,0.00011278885762467155,0.03124251356203402,0.00011278885762467175
mvo_los_l3,mvo,los,3,soft,control,bl_vs_mvo,-0.0009727335434815523,-0.0008627253926699972,0.01650706958023699,-0.058928299705367025,-0.20413361818668357,-0.08488840773679432,-0.2940620703475014,-0.2732441950303806,-0.4474839614989399,0.44765342960288806,-0.2643947895789278,0.22001630162311084,2.64019561947733,0.00011000815081155543,0.030472257774800855,0.00011000815081155517
mvo_los_l4,mvo,los,4,soft,control,bl_vs_mvo,-0.0004596548849593216,-0.0003490815712222412,0.012181667482020635,-0.037733330485152615,-0.13071209107814383,-0.054667921894153156,-0.18937523652976054,-0.1672687833990438,-0.28174445985956076,0.4584837545126354,-0.13739255833392738,0.22114662747416083,2.65375952968993,0.00011057331373708044,0.03062880790517128,0.00011057331373708036
mvo_los_l5,mvo,los,5,soft,control,bl_vs_mvo,2.9739854907587384e-05,0.00013666591253264846,0.01003121407451377,0.0029647313562121266,0.010270130679503973,0.004416331299057114,0.015298620386047165,-0.08721554561044483,-0.1492931428804154,0.5054151624548736,-0.005600749214785594,0.2138521152501223,2.5662253830014676,0.00010692605762506116,0.029618517962141943,0.00010692605762506108
mvo_los_l6,mvo,los,6,soft,control,bl_vs_mvo,0.0004841588379241886,0.0005862433309739722,0.009054570669733558,0.05347120869491602,0.1852297004034265,0.08271994793621748,0.28655030524996195,-0.04279637366280627,-0.07070227491901249,0.5234657039711191,0.13066577897274034,0.20416898609956724,2.450027833194807,0.0001020844930497836,0.028277404574790055,0.00010208449304978357
mvo_los_l7,mvo,los,7,soft,control,bl_vs_mvo,0.0007582525039280542,0.0008552109775227481,0.008409549280458948,0.09016565319261353,0.31234298485448314,0.13885778396500703,0.4810174737076302,-0.026127792841663066,-0.06114672256682563,0.5415162454873647,0.2216725011919014,0.1939169471893879,2.327003366272655,9.695847359469397e-05,0.026857497185730227,9.695847359469391e-05
mvo_los_l8,mvo,los,8,soft,control,bl_vs_mvo,0.0008665371961309402,0.000962645472349405,0.008169467990193026,0.10607021132479716,0.36743799036823277,0.16328514118693593,0.565636321313661,-0.022768190882829,-0.052081348549176454,0.5631768953068592,0.2595259710708142,0.1922165524369294,2.306598629243153,9.610827621846472e-05,0.02662199251251473,9.610827621846479e-05
mvo_los_l9,mvo,los,9,soft,control,bl_vs_mvo,0.0009654322522166042,0.0010584067492756249,0.0081058914929095,0.11910253832796808,0.4125832953889205,0.18505166604950443,0.6410377752460207,-0.023371834104684363,-0.05108707283084346,0.5740072202166066,0.29466223863623653,0.18594899411804158,2.231387929416499,9.29744970590208e-05,0.02575393568534876,9.297449705902069e-05
mvo_los_l10,mvo,los,10,soft,control,bl_vs_mvo,0.0009190418998579878,0.00101089901163691,0.007936392698747826,0.11580096080716756,0.40114629536661295,0.17926051119742573,0.620976626369422,-0.0224089083386357,-0.05175357190585528,0.5740072202166066,0.27862129439698724,0.18371422355784425,2.204570682694131,9.185711177892214e-05,0.025444419962761432,9.185711177892215e-05
mvo_mx_l1,mvo,mx,1,soft,control,bl_vs_mvo,0.007574464316354477,0.007763338426711775,0.030950366603482805,0.24472938926358734,0.8477674726196691,0.42142825905907494,1.4598703128712334,-0.06314006500715896,-0.1755274977701805,0.5992779783393501,6.095923863355753,0.377748220714595,4.53297864857514,0.0001888741103572975,0.05231812856897141,0.00018887411035729829
mvo_mx_l2,mvo,mx,2,soft,control,bl_vs_mvo,0.007386845965967888,0.0075659387160765534,0.028464497621785507,0.2595108497651584,0.8989719538172565,0.43431514222830725,1.5045117856718626,-0.056514119394881886,-0.18107687104855075,0.6137184115523465,5.873203621690705,0.3581855002173337,4.298226002608004,0.00017909275010866686,0.04960869178010072,0.00017909275010866577
mvo_mx_l3,mvo,mx,3,soft,control,bl_vs_mvo,0.007090946526737103,0.007246014638678698,0.02689249094974089,0.26367756486334054,0.9134058783186879,0.4298247886242922,1.4889567444996545,-0.053847288915160045,-0.17271346594829162,0.631768953068592,5.410893206851736,0.31013622388318973,3.721634686598277,0.00015506811194159487,0.04295386700782178,0.00015506811194159528
mvo_mx_l4,mvo,mx,4,soft,control,bl_vs_mvo,0.006789735764495819,0.00693509168764403,0.026577666831522025,0.25546771308168253,0.8849661175018049,0.39990687005400555,1.3853180344587648,-0.05140233224536835,-0.2010881585930726,0.6389891696750902,4.912191910795199,0.29071184629642194,3.488542155557063,0.00014535592314821093,0.04026359071205443,0.0001453559231482113
mvo_mx_l5,mvo,mx,5,soft,control,bl_vs_mvo,0.006853326412190207,0.006989203677891798,0.02669356382053927,0.25674078059659233,0.8893761527363834,0.40610277058421607,1.4067812634926997,-0.049622069543122316,-0.20464523302759186,0.6498194945848376,5.012408277728933,0.27175453140318195,3.2610543768381834,0.000135877265701591,0.037638002599340706,0.00013587726570159046
mvo_mx_l6,mvo,mx,6,soft,control,bl_vs_mvo,0.007051677950759214,0.007174736760231278,0.027089022111432694,0.2603149689845435,0.9017575045038915,0.4126699849012874,1.4295307612154224,-0.051121619701514374,-0.19398189851635694,0.6570397111913358,5.331290864581169,0.24611761894412862,2.9534114273295433,0.0001230588094720643,0.034087290223761814,0.00012305880947206457
mvo_mx_l7,mvo,mx,7,soft,control,bl_vs_mvo,0.006997433172170422,0.007115040960356597,0.027058585460543308,0.2586030663862323,0.8958272999481233,0.40741954314903583,1.411342697461261,-0.050272368622847036,-0.19818364968768698,0.6534296028880866,5.2385033617803405,0.2352155763723484,2.8225869164681807,0.00011760778818617419,0.03257735732757025,0.00011760778818617479
mvo_mx_l8,mvo,mx,8,soft,control,bl_vs_mvo,0.007066395855453726,0.007181612622706514,0.02709382125852349,0.2608120791832085,0.9034795447459883,0.41067925184776605,1.422634659629411,-0.05055010599036525,-0.20077665421241142,0.6570397111913358,5.3562499273164965,0.23043353450557738,2.7652024140669287,0.00011521676725278869,0.03191504452902247,0.00011521676725278866
mvo_mx_l9,mvo,mx,9,soft,control,bl_vs_mvo,0.007072516067181644,0.007187072865761255,0.027142875615605678,0.26056620408765135,0.9026278084303468,0.40973332521546646,1.4193578736546602,-0.051050572165478814,-0.2018696527609829,0.6606498194945848,5.364555101303782,0.22911359715922178,2.7493631659106614,0.00011455679857961089,0.03173223320655222,0.00011455679857961133
mvo_mx_l10,mvo,mx,10,soft,control,bl_vs_mvo,0.007028751998518838,0.007143033659315273,0.027128292953068928,0.2590930439551929,0.8975246320361409,0.4063889776733038,1.4077727139322724,-0.051958026699638594,-0.20651972670631558,0.6606498194945848,5.2888978744919015,0.22856332159287213,2.7427598591144653,0.00011428166079643607,0.03165602004061279,0.00011428166079643573
naive_lns_l1,naive,lns,1,soft,treatment,naive_vs_random,0.008451765351565036,0.008678531072561784,0.053031796117547346,0.15937165946315152,0.5520796229534873,0.2489847239575109,0.8625083844058414,-0.2008147764089803,-0.5813475561384209,0.5812274368231047,6.004060083595454,0.45353144199349094,5.442377303921891,0.00022676572099674546,0.0628141047160985,0.00022676572099674872
naive_lns_l2,naive,lns,2,soft,treatment,naive_vs_random,0.00759293202846328,0.007824529547018984,0.04464278031823662,0.1700819701267925,0.5891812274220332,0.26326592872783655,0.9119799289168395,-0.13834116222379814,-0.4523646967442353,0.6101083032490975,5.184543865481146,0.46319503711140686,5.558340445336882,0.00023159751855570345,0.06415251263992985,0.0002315975185557045
naive_lns_l3,naive,lns,3,soft,treatment,naive_vs_random,0.006795773334367951,0.0069935075889728734,0.04253870489767089,0.15975505955612762,0.5534077598348098,0.23672080670950263,0.8200249288591003,-0.1244145701904918,-0.43715547977033686,0.6209386281588448,4.082706048437898,0.3954685092098467,4.745622110518161,0.00019773425460492338,0.05477238852556378,0.00019773425460492284
naive_lns_l4,naive,lns,4,soft,treatment,naive_vs_random,0.007198843161353301,0.007349266134627145,0.041316349845261585,0.1742371528054749,0.6035752024504493,0.26004194693842014,0.9008117283929474,-0.12442905900262012,-0.43309500791145383,0.6570397111913358,4.761385645666012,0.3008459465476873,3.6101513585722476,0.00015042297327384367,0.0416671635968547,0.00015042297327384335
naive_lns_l5,naive,lns,5,soft,treatment,naive_vs_random,0.007381329542771866,0.007443237596746953,0.04006713336920642,0.1842240490417711,0.6381708258328161,0.2766534958665961,0.9583558218649816,-0.12197741821405086,-0.4333138837214585,0.6570397111913358,5.144062626076346,0.1238161079501752,1.4857932954021025,6.19080539750876e-05,0.017148530951099264,6.190805397508683e-05
naive_lns_l6,naive,lns,6,soft,treatment,naive_vs_random,0.007381329542771866,0.007443237596746953,0.04006713336920642,0.1842240490417711,0.6381708258328161,0.2766534958665961,0.9583558218649816,-0.12197741821405098,-0.43331388372145874,0.6570397111913358,5.144062626076346,0.1238161079501752,1.4857932954021025,6.19080539750876e-05,0.017148530951099264,6.190805397508683e-05
naive_lns_l7,naive,lns,7,soft,treatment,naive_vs_random,0.007381329542771866,0.007443237596746953,0.04006713336920642,0.1842240490417711,0.6381708258328161,0.27665349586659604,0.9583558218649814,-0.12197741821405084,-0.4333138837214585,0.6570397111913358,5.144062626076351,0.1238161079501752,1.4857932954021025,6.19080539750876e-05,0.017148530951099264,6.190805397508683e-05
naive_lns_l8,naive,lns,8,soft,treatment,naive_vs_random,0.007381329542771866,0.007443237596746953,0.04006713336920642,0.1842240490417711,0.6381708258328161,0.2766534958665961,0.9583558218649816,-0.12197741821405096,-0.43331388372145874,0.6570397111913358,5.144062626076346,0.1238161079501752,1.4857932954021025,6.190805397508761e-05,0.017148530951099267,6.190805397508683e-05
naive_lns_l9,naive,lns,9,soft,treatment,naive_vs_random,0.007381329542771866,0.007443237596746953,0.04006713336920642,0.1842240490417711,0.6381708258328161,0.2766534958665961,0.9583558218649816,-0.12197741821405096,-0.43331388372145874,0.6570397111913358,5.144062626076346,0.1238161079501752,1.4857932954021025,6.19080539750876e-05,0.017148530951099264,6.190805397508683e-05
naive_lns_l10,naive,lns,10,soft,treatment,naive_vs_random,0.007381329542771866,0.007443237596746953,0.04006713336920642,0.1842240490417711,0.6381708258328161,0.2766534958665961,0.9583558218649816,-0.12197741821405096,-0.43331388372145874,0.6570397111913358,5.144062626076346,0.1238161079501752,1.4857932954021025,6.19080539750876e-05,0.017148530951099264,6.190805397508683e-05
naive_lo_l1,naive,lo,1,soft,treatment,naive_vs_random,0.010857762848992368,0.01104097393959647,0.04902521087739993,0.22147304732956638,0.7672051409638312,0.3752338241873317,1.2998480964216519,-0.134233945896153,-0.4315037587876106,0.592057761732852,13.386208623516735,0.3664221812082012,4.3970661744984145,0.0001832110906041006,0.050749472097335865,0.00018321109060410144
naive_lo_l2,naive,lo,2,soft,treatment,naive_vs_random,0.010088477142768984,0.010310271238620944,0.043151747649799635,0.23379069660498045,0.8098747297134935,0.3940145557072547,1.3649064588132858,-0.08250503958282807,-0.3162194598760384,0.6028880866425993,11.526688870748682,0.44358819170391856,5.323058300447022,0.00022179409585195927,0.06143696455099272,0.00022179409585195917
naive_lo_l3,naive,lo,3,soft,treatment,naive_vs_random,0.009413851960062537,0.009602571384609125,0.040126132784213175,0.23460650969500427,0.8127007891562955,0.3840063126011781,1.3302368877048345,-0.07603059257759073,-0.29951208782185235,0.6209386281588448,9.759241756412218,0.3774388490931771,4.529266189118125,0.00018871942454658857,0.05227528059940503,0.0001887194245465875
naive_lo_l4,naive,lo,4,soft,treatment,naive_vs_random,0.009577363216451074,0.009723897093603787,0.03832951076323647,0.24986917457963348,0.8655722112344458,0.41298177308423173,1.4306108271635407,-0.07765259950739485,-0.29161723763878167,0.6353790613718412,10.473996367084343,0.29306775430542553,3.5168130516651064,0.00014653387715271276,0.040589883971301435,0.00014653387715271235
naive_lo_l5,naive,lo,5,soft,treatment,naive_vs_random,0.009619026037043234,0.009740172401029963,0.03746922438339458,0.2567180451513735,0.8892973948438798,0.42276134928712217,1.4644882728833362,-0.0744649086927861,-0.28685449844750754,0.6425992779783394,10.70716187174352,0.24229272797345558,2.907512735681467,0.0001211463639867278,0.0335575428243236,0.0001211463639867287
naive_lo_l6,naive,lo,6,soft,treatment,naive_vs_random,0.00953786206585055,0.009640607942702542,0.03661678424148035,0.2604778727413708,0.902321819671029,0.4321393308399917,1.4969745539273636,-0.07039829402488394,-0.28522658728989914,0.6353790613718412,10.550223891144318,0.2054917537039792,2.4659010444477505,0.00010274587685198961,0.028460607888001123,0.00010274587685199163
naive_lo_l7,naive,lo,7,soft,treatment,naive_vs_random,0.00961433002171497,0.00970825922157251,0.03675251562397016,0.26159651546258944,0.9061969117283646,0.43185755182869073,1.4959984427992041,-0.07042176449703402,-0.2850147159494516,0.6462093862815884,10.777828815213889,0.18785839971508442,2.254300796581013,9.392919985754222e-05,0.026018388360539196,9.392919985754151e-05
naive_lo_l8,naive,lo,8,soft,treatment,naive_vs_random,0.009510796217278855,0.009594524743425478,0.03667485506501901,0.25932743838844463,0.8983365981709476,0.42645471600068646,1.4772824704810903,-0.07133159984989909,-0.2840432983879638,0.6498194945848376,10.454752124268,0.16745705229324107,2.009484627518893,8.372852614662056e-05,0.023192801742613893,8.372852614662273e-05
naive_lo_l9,naive,lo,9,soft,treatment,naive_vs_random,0.00931177407963294,0.009386175241217517,0.03665236843892013,0.2540565446718861,0.8800776867341977,0.41460494035944223,1.4362336435432361,-0.0726541593688893,-0.28889309933371377,0.6534296028880866,9.846734157974447,0.14880232316915265,1.7856278780298318,7.440116158457633e-05,0.020609121758927644,7.44011615845773e-05
naive_lo_l10,naive,lo,10,soft,treatment,naive_vs_random,0.009291944085911425,0.009360832529304853,0.03689825609006772,0.25182610428064733,0.872351214572439,0.4084602743569853,1.4149478961196431,-0.07205581494191511,-0.2921543890201064,0.6606498194945848,9.76020764436237,0.13777688678685465,1.653322641442256,6.888844339342732e-05,0.019082098819979368,6.888844339342746e-05
naive_los_l1,naive,los,1,soft,treatment,naive_vs_random,0.009312192930091372,0.009518784434308833,0.05987853020373893,0.15551806128851675,0.5387303672926431,0.23858480786198,0.8264820182620157,-0.21666955263158463,-0.6484604495275769,0.5992779783393501,6.956300110872363,0.41318300843491834,4.95819610121902,0.00020659150421745918,0.05722584666823619,0.0002065915042174602
naive_los_l2,naive,los,2,soft,treatment,naive_vs_random,0.008563610933041357,0.008779993772574837,0.05048705938756573,0.16961991918171523,0.5875806359969151,0.2608540497752089,0.9036249351415252,-0.15754299395482008,-0.5274058498465037,0.5992779783393501,6.4718556053940235,0.4327656790669617,5.19318814880354,0.00021638283953348084,0.05993804655077419,0.00021638283953348027
naive_los_l3,naive,los,3,soft,treatment,naive_vs_random,0.0077154590705935475,0.007902596595795936,0.04720319104639886,0.16345206541247514,0.566214563792957,0.24119528564898304,0.8355249785802542,-0.14755734090370426,-0.5065522657483446,0.6245487364620939,5.167415505690618,0.3742750504047731,4.491300604857277,0.00018713752520238658,0.05183709448106108,0.00018713752520238894
naive_los_l4,naive,los,4,soft,treatment,naive_vs_random,0.007547243034860913,0.007688860676550551,0.044512004891590996,0.16955522567995368,0.587356531132974,0.24849701261528,0.8608189027574984,-0.14836199315784543,-0.48838772143448594,0.6389891696750902,5.092862317890073,0.28323528337927695,3.3988234005513234,0.00014161764168963851,0.03922808674802987,0.0001416176416896382
naive_los_l5,naive,los,5,soft,treatment,naive_vs_random,0.0076431562515557865,0.007759233778929574,0.04248271665376047,0.17991213494768893,0.6232339172551709,0.2672610288691564,0.9258193617690228,-0.13033084390311614,-0.4534058934796882,0.6389891696750902,5.418240357490597,0.23215505474757506,2.785860656970901,0.00011607752737378752,0.03215347508253914,0.00011607752737378789
naive_los_l6,naive,los,6,soft,treatment,naive_vs_random,0.0073816094957762386,0.007480092746759185,0.04112968816870577,0.17947156480978776,0.621707737528886,0.26556848020986146,0.9199562012246598,-0.13405305374445947,-0.4647199931994088,0.628158844765343,5.0661956745482435,0.19696650196589055,2.3635980235906864,9.848325098294528e-05,0.027279860522275844,9.848325098294614e-05
naive_los_l7,naive,los,7,soft,treatment,naive_vs_random,0.007560184369358834,0.0076491713887625904,0.04084348764084729,0.18510134187948107,0.641209857368876,0.27689112388870996,0.9591789894801882,-0.1284375998703877,-0.44412995997759086,0.6389891696750902,5.396180646882123,0.17797403880751314,2.1356884656901576,8.898701940375656e-05,0.024649404374840568,8.898701940375682e-05
naive_los_l8,naive,los,8,soft,treatment,naive_vs_random,0.007442129358395835,0.007522794791318281,0.040634673174849235,0.1831472675164059,0.6344407452116481,0.2741274264979836,0.949605260885221,-0.1266768307216324,-0.44372078332971554,0.6462093862815884,5.206403476982915,0.16133086584489198,1.9359703901387038,8.066543292244601e-05,0.022344324919517544,8.066543292244589e-05
naive_los_l9,naive,los,9,soft,treatment,naive_vs_random,0.007363335161574619,0.007431997730723565,0.04028231157397986,0.18279326269674467,0.633214436544093,0.27434817914547865,0.9503699704879546,-0.1211649598704767,-0.43375244303895755,0.6498194945848376,5.09874577964434,0.13732513829788934,1.647901659574672,6.866256914894465e-05,0.019019531654257668,6.866256914894644e-05
naive_los_l10,naive,los,10,soft,treatment,naive_vs_random,0.007381329542771866,0.007443237596746953,0.04006713336920642,0.1842240490417711,0.6381708258328161,0.2766534958665961,0.9583558218649816,-0.12197741821405089,-0.4333138837214585,0.6570397111913358,5.14406262607635,0.1238161079501752,1.4857932954021025,6.19080539750876e-05,0.017148530951099264,6.190805397508683e-05
naive_mx_l1,naive,mx,1,soft,treatment,naive_vs_random,0.009829929310787902,0.010020444356338806,0.049161273325717764,0.19995269946853808,0.6926564691801168,0.3292574476154701,1.1405812560808846,-0.16293285097033755,-0.5381919598523156,0.5884476534296029,9.818955690386694,0.3810300911018051,4.5723610932216605,0.00019051504555090256,0.05277266761760001,0.0001905150455509038
naive_mx_l2,naive,mx,2,soft,treatment,naive_vs_random,0.009029646941911154,0.00925039800981859,0.04264093871914299,0.21176004124546707,0.73355830090006,0.3472164252496886,1.2027929795098036,-0.11000962543140985,-0.3856350550870057,0.592057761732852,8.415526852523056,0.44150213581487785,5.298025629778534,0.00022075106790743888,0.06114804581036057,0.00022075106790743655
naive_mx_l3,naive,mx,3,soft,treatment,naive_vs_random,0.008289479729858709,0.008479050141161204,0.03988763794063961,0.20782077249585526,0.719912273662068,0.3271556180099719,1.1333003047497339,-0.10321976061982713,-0.36413294551392206,0.6173285198555957,6.912148827854936,0.37914082260498994,4.549689871259879,0.00018957041130249498,0.05251100393079111,0.00018957041130249555
naive_mx_l4,naive,mx,4,soft,treatment,naive_vs_random,0.008356146082396841,0.008500756425306672,0.0378704755341764,0.22065067746127973,0.7643563681748587,0.34721936681126053,1.202803169377996,-0.1068799375082988,-0.361324183307272,0.6389891696750902,7.233247011626206,0.28922068581966565,3.4706482298359878,0.0001446103429098328,0.04005706498602369,0.00014461034290983062
naive_mx_l5,naive,mx,5,soft,treatment,naive_vs_random,0.008407828280902297,0.008527779686470694,0.036712523691075104,0.2290179872038124,0.7933415793683241,0.3608576349993749,1.2500475162361249,-0.0973613400177999,-0.34299145744014015,0.6389891696750902,7.450226209182789,0.23990281113679385,2.8788337336415264,0.00011995140556839689,0.03322653934244594,0.00011995140556839666
naive_mx_l6,naive,mx,6,soft,treatment,naive_vs_random,0.008250173829105754,0.008350838967085553,0.035670890033569096,0.23128589786634693,0.801197852357398,0.3657875535539466,1.2671252550635141,-0.09609687474674494,-0.3433683325007738,0.628158844765343,7.177008657833385,0.20133027595959943,2.4159633115151933,0.00010066513797979973,0.027884243220404524,0.00010066513797979924
naive_mx_l7,naive,mx,7,soft,treatment,naive_vs_random,0.00836356019238812,0.008454949262829279,0.035683117055704185,0.23438423777081854,0.811930816624724,0.37076237454413885,1.2843585404906603,-0.09451541938577838,-0.33417800218852356,0.6425992779783394,7.43484645798182,0.18277814088231803,2.1933376905878164,9.138907044115901e-05,0.025314772512201045,9.138907044115886e-05
naive_mx_l8,naive,mx,8,soft,treatment,naive_vs_random,0.008243101609714976,0.008324614734459971,0.03552641128713129,0.23202742160171042,0.8037665659267337,0.3658619682643033,1.267383035181851,-0.09417055859784139,-0.33171131696474687,0.6425992779783394,7.171446308280364,0.16302624948998895,1.9563149938798674,8.151312474499448e-05,0.02257913555436347,8.151312474499565e-05
naive_mx_l9,naive,mx,9,soft,treatment,naive_vs_random,0.008090514871081348,0.008162070135281852,0.03541725940829649,0.22843424381916305,0.7913194329667343,0.3583396022989316,1.2413247950915494,-0.09366487063812673,-0.3294625701406376,0.6498194945848376,6.843513950826822,0.14311052840100738,1.7173263408120887,7.15552642005037e-05,0.019820808183539523,7.155526420050441e-05
naive_mx_l10,naive,mx,10,soft,treatment,naive_vs_random,0.00806668232389592,0.008132389605137551,0.03556436554971174,0.22681923884232777,0.7857248916180237,0.35393370144608216,1.226062306831057,-0.09446140328531408,-0.3309835229089675,0.6570397111913358,6.780537237955862,0.13141456248326427,1.5769747497991713,6.570728124163213e-05,0.0182009169039321,6.57072812416306e-05
naive_random_lns_l1,naive_random,lns,1,soft,control,naive_vs_random,0.005887293360509754,0.006340817302803223,0.04812105710639117,0.12234339215561074,0.4238099423676828,0.17498093543952492,0.6061517410743734,-0.22549467067965057,-0.5104147121839873,0.592057761732852,2.6783835943944907,0.9070478845869389,10.884574615043267,0.0004535239422934695,0.12562613201529105,0.0004535239422934689
naive_random_lns_l2,naive_random,lns,2,soft,control,naive_vs_random,0.006144585016048912,0.0065436114564155125,0.040427020787372606,0.15199203147732754,0.5265158417286787,0.218684718716312,0.7575460873111219,-0.14656196751201983,-0.44048477075910386,0.6028880866425993,3.3415233022036226,0.7980528807331998,9.576634568798397,0.00039902644036659987,0.11053032398154816,0.0003990264403666002
naive_random_lns_l3,naive_random,lns,3,soft,control,naive_vs_random,0.006537525851517707,0.006874520664553654,0.03926275690825699,0.1665070506076169,0.5767973429416695,0.24003533288353077,0.8315067843319675,-0.13438650496401075,-0.41499494212520605,0.6137184115523465,3.9025377416100318,0.6739896260718908,8.08787551286269,0.00033699481303594545,0.09334756321095689,0.0003369948130359469
naive_random_lns_l4,naive_random,lns,4,soft,control,naive_vs_random,0.006925926483930899,0.007182682080518823,0.038643223503608784,0.17922745195633344,0.620862105798959,0.2597245561140795,0.8997122543257192,-0.12500024034645088,-0.40954817734361715,0.6245487364620939,4.493508548696646,0.5135111931758499,6.1621343181101995,0.00025675559658792495,0.07112130025485522,0.00025675559658792403
naive_random_lns_l5,naive_random,lns,5,soft,control,naive_vs_random,0.006867818051997078,0.007014262497013841,0.03835962595015792,0.1790376699950278,0.620204681800276,0.25971382015460154,0.8996750638711515,-0.12288043740473026,-0.39994752914606835,0.6534296028880866,4.423446363403857,0.2928888900335284,3.5146666804023408,0.0001464444450167642,0.04056511126964368,0.00014644444501676294
naive_random_lns_l6,naive_random,lns,6,soft,control,naive_vs_random,0.006867818051997077,0.007014262497013842,0.03835962595015792,0.17903766999502777,0.620204681800276,0.25971382015460154,0.8996750638711515,-0.12288043740473022,-0.39994752914606824,0.6534296028880866,4.4234463634038566,0.2928888900335284,3.5146666804023408,0.0001464444450167642,0.04056511126964368,0.00014644444501676467
naive_random_lns_l7,naive_random,lns,7,soft,control,naive_vs_random,0.006867818051997077,0.007014262497013841,0.03835962595015792,0.17903766999502777,0.620204681800276,0.25971382015460154,0.8996750638711515,-0.12288043740473026,-0.39994752914606835,0.6534296028880866,4.42344636340386,0.2928888900335284,3.5146666804023408,0.0001464444450167642,0.04056511126964368,0.0001464444450167638
naive_random_lns_l8,naive_random,lns,8,soft,control,naive_vs_random,0.006867818051997077,0.007014262497013842,0.03835962595015792,0.17903766999502777,0.620204681800276,0.25971382015460154,0.8996750638711515,-0.12288043740473026,-0.39994752914606835,0.6534296028880866,4.42344636340386,0.2928888900335284,3.5146666804023408,0.0001464444450167642,0.04056511126964368,0.00014644444501676467
naive_random_lns_l9,naive_random,lns,9,soft,control,naive_vs_random,0.006867818051997077,0.007014262497013842,0.03835962595015792,0.17903766999502777,0.620204681800276,0.2597138201546015,0.8996750638711513,-0.12288043740473026,-0.39994752914606835,0.6534296028880866,4.42344636340386,0.2928888900335284,3.5146666804023408,0.0001464444450167642,0.04056511126964368,0.00014644444501676467
naive_random_lns_l10,naive_random,lns,10,soft,control,naive_vs_random,0.006867818051997077,0.007014262497013842,0.03835962595015792,0.17903766999502777,0.620204681800276,0.2597138201546015,0.8996750638711513,-0.12288043740473026,-0.39994752914606835,0.6534296028880866,4.42344636340386,0.2928888900335284,3.5146666804023408,0.0001464444450167642,0.04056511126964368,0.00014644444501676467
naive_random_lo_l1,naive_random,lo,1,soft,control,naive_vs_random,0.009767137091644283,0.010175042976493232,0.053278023447446636,0.18332393845801304,0.6350527513058173,0.2792960911600113,0.9675100404890566,-0.14037888676280671,-0.5030247705409989,0.6245487364620939,8.977366981464597,0.8158117696979004,9.789741236374805,0.0004079058848489502,0.1129899301031592,0.0004079058848489494
naive_random_lo_l2,naive_random,lo,2,soft,control,naive_vs_random,0.008911773159650211,0.00925591367003776,0.04396403584610158,0.2027059842923962,0.7021941275853779,0.30488459667293166,1.0561512237653254,-0.10727993312266511,-0.4471668328167566,0.6209386281588448,7.9253916433318015,0.6882810207751026,8.259372249301231,0.00034414051038755134,0.09532692137735171,0.00034414051038754966
naive_random_lo_l3,naive_random,lo,3,soft,control,naive_vs_random,0.009560303049331307,0.009862603302709645,0.04175990205334861,0.22893499695276925,0.7930540927056449,0.3531917425605305,1.2234920858572516,-0.09155751218488149,-0.4322276691681656,0.6353790613718412,9.961659809894234,0.6046005067566731,7.255206081080077,0.00030230025337833657,0.08373717018579924,0.00030230025337833755
naive_random_lo_l4,naive_random,lo,4,soft,control,naive_vs_random,0.009879983962935062,0.010119634973155408,0.04026070259751622,0.24540018741611783,0.8500911855832813,0.38215694614351914,1.3238304943718764,-0.08236380799591986,-0.4376167826974783,0.6389891696750902,11.17446970982927,0.4793020204406846,5.751624245288215,0.0002396510102203423,0.06638332983103482,0.00023965101022034585
naive_random_lo_l5,naive_random,lo,5,soft,control,naive_vs_random,0.009146833126982657,0.009376658160667604,0.04002594873859882,0.22852258135637782,0.7916254431720773,0.3523929658688137,1.220725042229341,-0.08901093476109301,-0.44166101082252496,0.6353790613718412,8.979920256377202,0.4596500673698938,5.515800808438725,0.0002298250336849469,0.0636615343307303,0.00022982503368494667
naive_random_lo_l6,naive_random,lo,6,soft,control,naive_vs_random,0.009266774892845631,0.009464288009802117,0.03945085097700625,0.23489416991909068,0.8136972734031641,0.36282693704188024,1.2568693786222616,-0.0839247343530236,-0.4373522430546677,0.631768953068592,9.380571802346271,0.39502623391296915,4.74031480695563,0.00019751311695648455,0.05471113339694622,0.00019751311695648602
naive_random_lo_l7,naive_random,lo,7,soft,control,naive_vs_random,0.009205738243826663,0.009378814934893853,0.039698745629441666,0.2318899022592653,0.803290184950457,0.3560086248477366,1.2332500523380152,-0.08597065129694162,-0.4400943965020099,0.6498194945848376,9.179190750577254,0.3461533821343728,4.153840585612474,0.00017307669106718637,0.047942243425610626,0.00017307669106718902
naive_random_lo_l8,naive_random,lo,8,soft,control,naive_vs_random,0.009016100854893367,0.009182174270405652,0.03977344542740292,0.2266864426253979,0.7852648720284727,0.34598899607254685,1.1985410401147998,-0.08597594513878279,-0.4426515007688111,0.6570397111913358,8.653261209273287,0.33214683102457293,3.985761972294875,0.00016607341551228648,0.04600233609690335,0.00016607341551228526
naive_random_lo_l9,naive_random,lo,9,soft,control,naive_vs_random,0.009093418541343034,0.009242331695589698,0.039888765989779466,0.22796941233210882,0.7897092094616629,0.34955350871788265,1.2108888741266863,-0.0864054194118926,-0.44553240344100276,0.6606498194945848,8.849587413648816,0.2978263084933251,3.5739157019199013,0.00014891315424666256,0.04124894372632553,0.00014891315424666457
naive_random_lo_l10,naive_random,lo,10,soft,control,naive_vs_random,0.009199483222325874,0.009340972415079774,0.03997884818920863,0.2301087609824903,0.7971201305767921,0.35312904283216445,1.2232748876269501,-0.08311998539889141,-0.4459747634459056,0.6606498194945848,9.130624434202264,0.2829783855078001,3.395740626093601,0.0001414891927539,0.039192506392830305,0.0001414891927538995
naive_random_los_l1,naive_random,los,1,soft,control,naive_vs_random,0.007746166703648941,0.008177227458264592,0.05837978358402354,0.1326857728497779,0.4596370000347168,0.19480354977782535,0.6748192914199327,-0.24081833180341547,-0.5843388972018843,0.6028880866425993,4.273539700702313,0.8621215092313009,10.345458110775612,0.0004310607546156505,0.11940382902853519,0.0004310607546156508
naive_random_los_l2,naive_random,los,2,soft,control,naive_vs_random,0.007447626224506686,0.007815405543193679,0.045905644633832676,0.16223770048134234,0.5620078802736532,0.23720300350635062,0.8216953075618756,-0.15433309961480693,-0.4737434677641633,0.6064981949458483,4.820405648683136,0.7355586373739842,8.826703648487811,0.0003677793186869921,0.10187487127629681,0.0003677793186869921
naive_random_los_l3,naive_random,los,3,soft,control,naive_vs_random,0.008011212813640225,0.008329574135480888,0.04346324606474043,0.18432154841143636,0.6385085735567485,0.2729778217737136,0.9456229133031073,-0.13851849856498907,-0.4348793315616172,0.6245487364620939,6.010408655122725,0.636722643681326,7.640671724175912,0.0003183613218406631,0.08818608614986367,0.00031836132184066314
naive_random_los_l4,naive_random,los,4,soft,control,naive_vs_random,0.008205746148420538,0.008458247496026765,0.041094763843779615,0.1996786300954158,0.6917070650220242,0.2953679765353098,1.023184684575937,-0.12102980269098622,-0.4092960534247978,0.6353790613718412,6.602999281384063,0.5050026952124536,6.060032342549443,0.00025250134760622676,0.0699428732869248,0.00025250134760622725
naive_random_los_l5,naive_random,los,5,soft,control,naive_vs_random,0.006866267092374291,0.0071092502864542485,0.03961583783410138,0.1733212641148232,0.6004024709578764,0.251288296267943,0.870488192966996,-0.13128601517003982,-0.4172770937358702,0.6245487364620939,4.346931616029326,0.48596638815991866,5.8315966579190235,0.0002429831940799593,0.06730634476014873,0.0002429831940799574
naive_random_los_l6,naive_random,los,6,soft,control,naive_vs_random,0.006959451579414252,0.007168069277802283,0.03896524835886089,0.1786066269954016,0.6187115050490771,0.2592539134242498,0.8980819002237272,-0.13215308873770082,-0.418901988882294,0.6209386281588448,4.525365840577447,0.41723539677605953,5.006824761312714,0.00020861769838802975,0.05778710245348424,0.00020861769838803092
naive_random_los_l7,naive_random,los,7,soft,control,naive_vs_random,0.006995176022663231,0.007175466860123223,0.03873709751434127,0.18058079906666918,0.625550237709715,0.26280944937915635,0.9103986380677994,-0.1282820773737911,-0.4073329408425064,0.631768953068592,4.594772153583612,0.3605816749199848,4.326980099039817,0.00018029083745999235,0.049940561976417885,0.0001802908374599916
naive_random_los_l8,naive_random,los,8,soft,control,naive_vs_random,0.006783989679329749,0.0069564988766786994,0.038712263549915735,0.175241359125964,0.6070538751871871,0.25390484834003835,0.8795521952260335,-0.12829006206886234,-0.4083283539274887,0.6425992779783394,4.279754717323873,0.3450183946979014,4.1402207363748165,0.0001725091973489507,0.047785047665659344,0.00017250919734895006
naive_random_los_l9,naive_random,los,9,soft,control,naive_vs_random,0.0067943956004478025,0.006951044314581515,0.03852246592766271,0.1763748876618201,0.610980533219051,0.2557670643767337,0.8860031008064851,-0.1273734157503457,-0.40366021384911754,0.6534296028880866,4.305989930488564,0.31329742826742685,3.7595691392091224,0.0001566487141337134,0.043391693815038615,0.00015664871413371279
naive_random_los_l10,naive_random,los,10,soft,control,naive_vs_random,0.006867818051997078,0.007014262497013842,0.03835962595015792,0.1790376699950278,0.620204681800276,0.25971382015460154,0.8996750638711515,-0.12288043740473026,-0.39994752914606835,0.6534296028880866,4.42344636340386,0.2928888900335284,3.5146666804023408,0.0001464444450167642,0.04056511126964368,0.0001464444450167638
naive_random_mx_l1,naive_random,mx,1,soft,control,naive_vs_random,0.00932927961827251,0.00974174213673357,0.052438937735231096,0.17790748671105583,0.6162896120608671,0.27200133302721624,0.942240257059202,-0.14583122945480612,-0.4670838659584663,0.6101083032490975,7.959428596687806,0.8249250369221187,9.899100443065425,0.0004124625184610594,0.11425211761371346,0.0004124625184610594
naive_random_mx_l2,naive_random,mx,2,soft,control,naive_vs_random,0.00856383092909854,0.008910913236572397,0.04273347210643117,0.20040100902097605,0.6942094590247988,0.3011402160390704,1.043180308763876,-0.11153313681805001,-0.40988559670536073,0.6137184115523465,7.2323382919259505,0.6941646149477134,8.329975379372561,0.0003470823074738568,0.09614179917025832,0.0003470823074738557
naive_random_mx_l3,naive_random,mx,3,soft,control,naive_vs_random,0.009227005854290265,0.009531252392385574,0.040511783490032975,0.22776103788568985,0.7889873792052695,0.3516548294611681,1.218168062707424,-0.09682119067494563,-0.39540975135416045,0.6353790613718412,9.146648244783286,0.6084930761906163,7.301916914287396,0.0003042465380953082,0.08427629105240038,0.00030424653809530897
naive_random_mx_l4,naive_random,mx,4,soft,control,naive_vs_random,0.009543977746901057,0.009785555668410557,0.038994356180527746,0.24475279711546938,0.8478485597971805,0.3806079245341445,1.3184645261129584,-0.08578730521155412,-0.3964006987719415,0.6389891696750902,10.256720294361369,0.48315584301900183,5.797870116228022,0.00024157792150950096,0.06691708425813177,0.00024157792150950042
naive_random_mx_l5,naive_random,mx,5,soft,control,naive_vs_random,0.008719557464795975,0.008951592023231656,0.03867833678625195,0.22543775635914376,0.7809392959167415,0.3461758805229873,1.1991884268414146,-0.09502317236718284,-0.4037541410419695,0.628158844765343,8.00482008777921,0.46406911687136043,5.568829402456325,0.00023203455843568015,0.0642735726866834,0.0002320345584356804
naive_random_mx_l6,naive_random,mx,6,soft,control,naive_vs_random,0.008828261041943373,0.009027914521378666,0.03806262611054247,0.23194040832348525,0.8034651430890956,0.35693047753890894,1.2364434437344245,-0.09099581188428192,-0.3992249785421995,0.6245487364620939,8.339772485463175,0.39930695887058165,4.791683506446979,0.00019965347943529083,0.05530401380357556,0.00019965347943529284
naive_random_mx_l7,naive_random,mx,7,soft,control,naive_vs_random,0.008774267380964868,0.008949105904629077,0.03835918227908531,0.22873968785692514,0.7923775221512802,0.34974673224866465,1.211558220071751,-0.09286749093209885,-0.40306946251321096,0.6425992779783394,8.172425456569844,0.3496770473284149,4.196124567940979,0.00017483852366420748,0.04843027105498547,0.0001748385236642093
naive_random_mx_l8,naive_random,mx,8,soft,control,naive_vs_random,0.008581086497393293,0.008748727361105985,0.03841425330227172,0.22338287900251416,0.7738209919467308,0.3394825548617983,1.1760020666078468,-0.09276259228689371,-0.4055272491338866,0.6498194945848376,7.691986146539923,0.33528172742538753,4.02338072910465,0.0001676408637126938,0.046436519248416186,0.0001676408637126918
naive_random_mx_l9,naive_random,mx,9,soft,control,naive_vs_random,0.00865093613021819,0.008801398545642762,0.03849064452646804,0.2247542548753473,0.7785715773227732,0.3429758925811923,1.1881033434438213,-0.09300765922732797,-0.40886200621830315,0.6534296028880866,7.8544564631851586,0.3009248308491485,3.611097970189782,0.0001504624154245742,0.041678089072607054,0.000150462415424572
naive_random_mx_l10,naive_random,mx,10,soft,control,naive_vs_random,0.008756367881357585,0.008898979843017909,0.03855623132723363,0.22710642560059163,0.7867197357311717,0.34697325170634535,1.2019506016455495,-0.08953208216089655,-0.4089834087835833,0.6534296028880866,8.108342262742424,0.28522392332064983,3.422687079847798,0.00014261196166032495,0.03950351337991001,0.00014261196166032337
ridge_lns_l1,ridge,lns,1,soft,treatment,ridge_vs_random,0.007733853501239525,0.008140777117742708,0.050967194092730574,0.151741794676168,0.5256489960216151,0.22823332614026004,0.7906234337107366,-0.1759579159988036,-0.5940015428801361,0.5956678700361011,4.873622488395331,0.8138472330063632,9.766166796076359,0.00040692361650318163,0.1127178417713813,0.0004069236165031827
ridge_lns_l2,ridge,lns,2,soft,treatment,ridge_vs_random,0.007756154410237079,0.00806624230572961,0.0443884925533721,0.1747334492359971,0.6052944237170084,0.2733471433050033,0.9469022806161532,-0.12226969105482088,-0.42240945987843304,0.6209386281588448,5.484355381014306,0.6201757909850611,7.442109491820734,0.0003100878954925306,0.08589434705143098,0.0003100878954925305
ridge_lns_l3,ridge,lns,3,soft,treatment,ridge_vs_random,0.00733786249379695,0.007612209401376968,0.04252010434578324,0.17257395311459656,0.597813709714981,0.26385322766599595,0.9140143921170862,-0.09417837073746552,-0.3415647322436627,0.6028880866425993,4.903357652366831,0.5486938151600358,6.5843257819204295,0.00027434690758001794,0.07599409339966497,0.00027434690758001805
ridge_lns_l4,ridge,lns,4,soft,treatment,ridge_vs_random,0.007528318683191647,0.0077395191081360525,0.04180219394913392,0.18009386522516777,0.6238634494029047,0.27787781522343735,0.9625969885264598,-0.0878993391115438,-0.32943030907641613,0.6028880866425993,5.276403782658468,0.42240084988881027,5.068810198665723,0.00021120042494440514,0.05850251770960022,0.00021120042494440511
ridge_lns_l5,ridge,lns,5,soft,treatment,ridge_vs_random,0.007718389004982568,0.007836200827869327,0.041292088023536885,0.1869217415351583,0.6475159067563038,0.28642112088902716,0.992191867481245,-0.08224074465489825,-0.33037320073381793,0.6137184115523465,5.650816374816193,0.23562364577351738,2.8274837492822087,0.0001178118228867587,0.03263387493963216,0.00011781182288675852
ridge_lns_l6,ridge,lns,6,soft,treatment,ridge_vs_random,0.007718389004982567,0.007836200827869327,0.041292088023536885,0.1869217415351583,0.6475159067563038,0.2864211208890271,0.9921918674812448,-0.08224074465489827,-0.33037320073381793,0.6137184115523465,5.65081637481619,0.23562364577351738,2.8274837492822087,0.00011781182288675872,0.032633874939632164,0.00011781182288675938
ridge_lns_l7,ridge,lns,7,soft,treatment,ridge_vs_random,0.007718389004982567,0.007836200827869327,0.041292088023536885,0.1869217415351583,0.6475159067563038,0.2864211208890271,0.9921918674812448,-0.08224074465489829,-0.33037320073381793,0.6137184115523465,5.65081637481619,0.23562364577351738,2.8274837492822087,0.00011781182288675872,0.032633874939632164,0.00011781182288675938
ridge_lns_l8,ridge,lns,8,soft,treatment,ridge_vs_random,0.007718389004982567,0.007836200827869327,0.041292088023536885,0.1869217415351583,0.6475159067563038,0.2864211208890271,0.9921918674812448,-0.08224074465489832,-0.33037320073381793,0.6137184115523465,5.65081637481619,0.23562364577351744,2.827483749282209,0.00011781182288675872,0.032633874939632164,0.00011781182288675938
ridge_lns_l9,ridge,lns,9,soft,treatment,ridge_vs_random,0.007718389004982567,0.007836200827869327,0.041292088023536885,0.1869217415351583,0.6475159067563038,0.2864211208890271,0.9921918674812448,-0.0822407446548983,-0.33037320073381793,0.6137184115523465,5.65081637481619,0.23562364577351744,2.827483749282209,0.00011781182288675872,0.032633874939632164,0.00011781182288675938
ridge_lns_l10,ridge,lns,10,soft,treatment,ridge_vs_random,0.007718389004982567,0.007836200827869327,0.041292088023536885,0.1869217415351583,0.6475159067563038,0.2864211208890271,0.9921918674812448,-0.0822407446548983,-0.33037320073381793,0.6137184115523465,5.65081637481619,0.23562364577351744,2.827483749282209,0.00011781182288675872,0.032633874939632164,0.00011781182288675938
ridge_lo_l1,ridge,lo,1,soft,treatment,ridge_vs_random,0.011267129004381352,0.01162907014422743,0.05098935522783544,0.2209702192553035,0.7654632934196406,0.37252655837402043,1.2904698525451532,-0.10633005423646506,-0.34761025594278305,0.5848375451263538,14.659264336481332,0.7238822796921572,8.686587356305887,0.00036194113984607863,0.10025769573736378,0.00036194113984607847
ridge_lo_l2,ridge,lo,2,soft,treatment,ridge_vs_random,0.010456084766903432,0.010715996891309728,0.045526077526600685,0.2296724280890219,0.7956086290957906,0.38035034480547564,1.31757224375885,-0.09768444806257029,-0.30541601571397914,0.6209386281588448,12.460698862283596,0.5198242488125869,6.237890985751044,0.0002599121244062935,0.0719956584605433,0.0002599121244062953
ridge_lo_l3,ridge,lo,3,soft,treatment,ridge_vs_random,0.010315876584649284,0.01054697127955345,0.04370218264148704,0.2360494593433942,0.8176993133638455,0.3913354347377262,1.3556257115355925,-0.08519379093615624,-0.2964315640601627,0.6028880866425993,12.240119182528606,0.4621893898083309,5.546272677699971,0.00023109469490416548,0.06401323048845384,0.0002310946949041666
ridge_lo_l4,ridge,lo,4,soft,treatment,ridge_vs_random,0.01033096658269267,0.01052396176357709,0.043136147451615946,0.2394967374933168,0.8296410351708214,0.3978278693246546,1.3781161646743474,-0.08299373738626097,-0.28761524508948666,0.6245487364620939,12.384633272809157,0.3859903617688418,4.631884341226102,0.00019299518088442092,0.053459665104984594,0.00019299518088441991
ridge_lo_l5,ridge,lo,5,soft,treatment,ridge_vs_random,0.010300065974005816,0.01045681611165529,0.042026702343738453,0.24508384906722094,0.8489953573979377,0.40513836214021665,1.403440454644189,-0.07948839783032527,-0.28327382971434,0.631768953068592,12.441557720053762,0.3135002752989441,3.762003303587329,0.00015675013764947202,0.04341978812890375,0.00015675013764947406
ridge_lo_l6,ridge,lo,6,soft,treatment,ridge_vs_random,0.010297968445578932,0.010431823306964492,0.04165233235352149,0.24723629779421685,0.8564516585096255,0.4065893531727002,1.4084668350233656,-0.07947183845907776,-0.28853612631471093,0.6389891696750902,12.488275850523443,0.26770972277111615,3.212516673253394,0.00013385486138555813,0.037077796603799604,0.00013385486138555933
ridge_lo_l7,ridge,lo,7,soft,treatment,ridge_vs_random,0.010144390306320878,0.010275519862778032,0.04107457678452191,0.2469749197791754,0.8555462185055589,0.40597050082362085,1.406323067601388,-0.08011945842161589,-0.2838401204004233,0.628158844765343,12.016054880753998,0.26225911291430426,3.147109354971651,0.0001311295564571521,0.03632288713863113,0.0001311295564571536
ridge_lo_l8,ridge,lo,8,soft,treatment,ridge_vs_random,0.009919607303631527,0.010037852919152285,0.040671602142290326,0.24389516963033822,0.8448776510407512,0.39919905582126713,1.382866094031918,-0.07892174952339145,-0.2830128518727061,0.628158844765343,11.2914792391211,0.23649123104151673,2.837894772498201,0.00011824561552075836,0.032754035499250066,0.00011824561552075882
ridge_lo_l9,ridge,lo,9,soft,treatment,ridge_vs_random,0.009979618028593042,0.010085000319959927,0.04013866018838895,0.24862857857621967,0.8612746606152867,0.4087527751799919,1.4159611486930495,-0.07653703445505544,-0.28296951838152495,0.6353790613718412,11.570806433912677,0.21076458273376808,2.529174992805217,0.00010538229136688404,0.02919089470862688,0.00010538229136688483
ridge_lo_l10,ridge,lo,10,soft,treatment,ridge_vs_random,0.010027408321849608,0.010133026298203052,0.03993137205068674,0.2511160475307824,0.8698915058383925,0.41377136400630815,1.4333460503520037,-0.0743392276267131,-0.28296951838152473,0.631768953068592,11.765712756766952,0.211235952706885,2.53483143248262,0.0001056179763534425,0.029256179449903573,0.00010561797635344483
ridge_los_l1,ridge,los,1,soft,treatment,ridge_vs_random,0.007287427150264446,0.007700627028714676,0.06487783105185431,0.11232538190803405,0.3891065368885859,0.15955828386132836,0.5527261088326358,-0.2577886282421182,-0.742569192252025,0.5812274368231047,3.085306323510995,0.8263997569004616,9.91679708280554,0.0004131998784502308,0.11445636633071393,0.00041319987845023047
ridge_los_l2,ridge,los,2,soft,treatment,ridge_vs_random,0.007298594722705404,0.007595526396409382,0.05353866203499275,0.1363238161972568,0.4722395518706597,0.20443227958147928,0.7081741898844953,-0.1738313109625999,-0.5278016079946756,0.5956678700361011,4.040242323526975,0.5938633474079528,7.126360168895433,0.00029693167370397635,0.08225007361600145,0.0002969316737039783
ridge_los_l3,ridge,los,3,soft,treatment,ridge_vs_random,0.007131745736872591,0.007406859154033038,0.04977113530272001,0.14329079884345813,0.4963738877080024,0.2144891297787621,0.7430121408961012,-0.1242250205438881,-0.4144877293065753,0.5848375451263538,4.079458171890365,0.5502268343208928,6.602722011850714,0.00027511341716044644,0.07620641655344366,0.00027511341716044725
ridge_los_l4,ridge,los,4,soft,treatment,ridge_vs_random,0.0077461058209901765,0.007965134795596634,0.047256190835545206,0.16391727060581665,0.5678260818545818,0.2526512618023751,0.8752096440761993,-0.11010052017274395,-0.35701053309475195,0.5992779783393501,5.231790170613338,0.4380579492129134,5.256695390554961,0.00021902897460645667,0.0606710259659885,0.00021902897460645762
ridge_los_l5,ridge,los,5,soft,treatment,ridge_vs_random,0.007821108218709225,0.00800025962882771,0.04562285694046945,0.17142960224771814,0.5938495620287432,0.2618881934241891,0.9072073138262422,-0.10483691796233426,-0.34490601133959553,0.6209386281588448,5.4938108451865135,0.35830282023696924,4.299633842843631,0.00017915141011848462,0.04962494060282024,0.00017915141011848497
ridge_los_l6,ridge,los,6,soft,treatment,ridge_vs_random,0.007872935143844788,0.008020981317120935,0.04490735797083669,0.17531503743679497,0.6073091043427373,0.2672592735337203,0.9258132811087034,-0.09956498157326694,-0.3445449170354482,0.631768953068592,5.64658149569105,0.29609234655229516,3.553108158627542,0.00014804617327614757,0.04100878999749288,0.00014804617327614754
ridge_los_l7,ridge,los,7,soft,treatment,ridge_vs_random,0.008013168119370145,0.0081604920885363,0.04344855245147926,0.18442888582579986,0.6388804012672098,0.2819960787464081,0.9768630718479456,-0.09061103787368756,-0.33754829289154076,0.628158844765343,6.031727729997898,0.29464793833231057,3.5357752599877266,0.00014732396916615533,0.04080873945902502,0.00014732396916615487
ridge_los_l8,ridge,los,8,soft,treatment,ridge_vs_random,0.007593341910914677,0.007729154303018602,0.042881188231874395,0.17707862640966657,0.613418355752101,0.26851942755262076,0.9301785826808988,-0.09162257566043636,-0.33808615680076404,0.6209386281588448,5.305718308826149,0.27162478420785013,3.259497410494202,0.00013581239210392506,0.03762003261278724,0.00013581239210392476
ridge_los_l9,ridge,los,9,soft,treatment,ridge_vs_random,0.007667829319188894,0.007789363293022492,0.041998196570578565,0.18257520430199897,0.6324590601066601,0.27743986928256403,0.9610798992853375,-0.08712045804837339,-0.33444356807503284,0.6173285198555957,5.503112100258949,0.24306794766719286,2.9168153720063144,0.00012153397383359642,0.03366491075190621,0.00012153397383359802
ridge_los_l10,ridge,los,10,soft,treatment,ridge_vs_random,0.007718389004982567,0.007836200827869327,0.041292088023536885,0.1869217415351583,0.6475159067563038,0.2864211208890271,0.9921918674812448,-0.0822407446548983,-0.33037320073381793,0.6137184115523465,5.650816374816191,0.23562364577351744,2.827483749282209,0.00011781182288675872,0.032633874939632164,0.00011781182288675938
ridge_mx_l1,ridge,mx,1,soft,treatment,ridge_vs_random,0.008365675304188499,0.00874195549553577,0.04927034112269842,0.16979130068037024,0.5881743189232106,0.2662601626048994,0.922352259326473,-0.1278436894012452,-0.41942609943624976,0.5884476534296029,6.203195664958214,0.7525603826945436,9.030724592334524,0.00037628019134727174,0.10422961300319428,0.00037628019134727103
ridge_mx_l2,ridge,mx,2,soft,treatment,ridge_vs_random,0.008242935537053476,0.008512118901986051,0.04298943515747266,0.19174328545744207,0.6642182248449445,0.3001808684078627,1.0398570310851307,-0.09562191004906058,-0.30541601571397914,0.6064981949458483,6.5404102038632566,0.5383667298651512,6.460400758381814,0.0002691833649325757,0.07456379208632347,0.0002691833649325747
ridge_mx_l3,ridge,mx,3,soft,treatment,ridge_vs_random,0.008131641342684974,0.008377106171870354,0.04106932924156514,0.19799790970180162,0.6858848787919102,0.30707040123420287,1.0637230728764004,-0.08294974781449929,-0.2825915276067582,0.5956678700361011,6.472407668350958,0.49092965837075636,5.8911559004490766,0.0002454648291853782,0.06799375768434977,0.00024546482918537914
ridge_mx_l4,ridge,mx,4,soft,treatment,ridge_vs_random,0.008382106115734948,0.008585352502767686,0.0403751306005405,0.20760567188413595,0.7191671432855941,0.32505807636809153,1.1260342073602774,-0.08061975631329685,-0.2728144100819184,0.6209386281588448,7.069335526273404,0.40649277406547113,4.877913288785654,0.00020324638703273558,0.05629924920806775,0.00020324638703273813
ridge_mx_l5,ridge,mx,5,soft,treatment,ridge_vs_random,0.008485815639682997,0.008651139532590038,0.039322215862564146,0.21580207151453362,0.7475603044835691,0.33599589794026874,1.163923932734545,-0.0769473202922277,-0.28327382971434,0.6353790613718412,7.397313338724606,0.3306477858140834,3.9677734297690006,0.00016532389290704172,0.045794718335250555,0.00016532389290704191
ridge_mx_l6,ridge,mx,6,soft,treatment,ridge_vs_random,0.008602684413368393,0.008741467259339122,0.038694894148597885,0.22232091862900502,0.7701422533016455,0.34552361402270604,1.19692890940429,-0.07388235821222333,-0.2711649788683359,0.6389891696750902,7.728250246367001,0.2775656919414553,3.3307883032974637,0.00013878284597072763,0.038442848333891555,0.00013878284597072972
ridge_mx_l7,ridge,mx,7,soft,treatment,ridge_vs_random,0.008549439620556706,0.00868656583305749,0.03799053014878314,0.22504133496095868,0.7795660519110134,0.3492938199690004,1.2099892859122503,-0.0732643612575196,-0.27804745848187484,0.628158844765343,7.665169269063021,0.2742524250015713,3.291029100018856,0.00013712621250078566,0.03798396086271763,0.0001371262125007839
ridge_mx_l8,ridge,mx,8,soft,treatment,ridge_vs_random,0.008251103569772345,0.008375708762089921,0.03752965037435938,0.2198555938429306,0.7616021177283661,0.33876610592547535,1.1735202146903667,-0.07383648541746099,-0.2671225947688417,0.628158844765343,7.0201758712703874,0.24921038463515566,2.990524615621868,0.00012460519231757784,0.03451563827196906,0.00012460519231757665
ridge_mx_l9,ridge,mx,9,soft,treatment,ridge_vs_random,0.008326837201623976,0.008437714127337676,0.036894206813624465,0.22569497817605888,0.7818303384281658,0.3492964076259721,1.2099982498189452,-0.07182641511082527,-0.2533887128665092,0.631768953068592,7.243277900503122,0.2217538514274005,2.6610462171288063,0.00011087692571370026,0.030712908422694973,0.00011087692571369948
ridge_mx_l10,ridge,mx,10,soft,treatment,ridge_vs_random,0.008386488776967044,0.008496035656333513,0.03648586504288125,0.229855829568808,0.7962439504581362,0.35683699900510013,1.2361196245944766,-0.0685790111536024,-0.2509135544435982,0.6245487364620939,7.414345161952037,0.21909375873293782,2.629125104795254,0.00010954687936646894,0.030344485584511895,0.00010954687936646883
ridge_random_lns_l1,ridge_random,lns,1,soft,control,ridge_vs_random,0.006586652441963797,0.007012778379614838,0.05421688184413758,0.12148711283137,0.4208437037775714,0.17622741461201413,0.6104696715890289,-0.14313940421003427,-0.35076850372471435,0.6064981949458483,3.0965282916009773,0.8522518753020802,10.227022503624962,0.00042612593765104005,0.1180368847293381,0.00042612593765104043
ridge_random_lns_l2,ridge_random,lns,2,soft,control,ridge_vs_random,0.0074247790528909905,0.0078069201675633896,0.048435849957757425,0.15329098300879196,0.5310155418268103,0.22438615433585476,0.7772964396493839,-0.09244563058664793,-0.35822192560442023,0.6209386281588448,4.600750525028679,0.7642822293447982,9.171386752137579,0.0003821411146723991,0.10585308876425455,0.0003821411146723991
ridge_random_lns_l3,ridge_random,lns,3,soft,control,ridge_vs_random,0.008027614989440213,0.008369813475157105,0.044713201477192474,0.1795356790440286,0.6219298357512729,0.2671959775611724,0.9255940174279685,-0.07587656946955275,-0.3433496425440853,0.6425992779783394,5.9439442124459685,0.6843969714337825,8.21276365720539,0.0003421984857168913,0.09478898054357889,0.0003421984857168922
ridge_random_lns_l4,ridge_random,lns,4,soft,control,ridge_vs_random,0.00761048417044567,0.007876126180388186,0.04233761035357846,0.179757055414499,0.6226967059937728,0.2661393807546839,0.9219338587240623,-0.07803373777194114,-0.34063332133475255,0.6534296028880866,5.370302702892171,0.5312840198850325,6.375408238620389,0.0002656420099425163,0.07358283675407701,0.0002656420099425155
ridge_random_lns_l5,ridge_random,lns,5,soft,control,ridge_vs_random,0.007716708440376813,0.00785505676679954,0.04150279388005526,0.18593226428751786,0.6440882570246104,0.27447445153347066,0.950807390871145,-0.07733092084869049,-0.32483630077516956,0.6498194945848376,5.620397325153075,0.27669665284545014,3.3203598341454015,0.00013834832642272508,0.038322486419094845,0.00013834832642272647
ridge_random_lns_l6,ridge_random,lns,6,soft,control,ridge_vs_random,0.007716708440376815,0.007855056766799538,0.04150279388005526,0.18593226428751788,0.6440882570246105,0.2744744515334707,0.9508073908711452,-0.07733092084869053,-0.32483630077516956,0.6498194945848376,5.62039732515307,0.27669665284545014,3.3203598341454015,0.00013834832642272508,0.038322486419094845,0.000138348326422723
ridge_random_lns_l7,ridge_random,lns,7,soft,control,ridge_vs_random,0.0077167084403768115,0.007855056766799538,0.04150279388005526,0.1859322642875178,0.6440882570246103,0.2744744515334706,0.9508073908711449,-0.07733092084869053,-0.32483630077516956,0.6498194945848376,5.620397325153069,0.27669665284545014,3.3203598341454015,0.00013834832642272508,0.038322486419094845,0.00013834832642272647
ridge_random_lns_l8,ridge_random,lns,8,soft,control,ridge_vs_random,0.007716708440376813,0.007855056766799538,0.041502793880055254,0.18593226428751788,0.6440882570246105,0.27447445153347066,0.950807390871145,-0.07733092084869053,-0.32483630077516956,0.6498194945848376,5.620397325153069,0.27669665284545014,3.3203598341454015,0.00013834832642272508,0.038322486419094845,0.00013834832642272473
ridge_random_lns_l9,ridge_random,lns,9,soft,control,ridge_vs_random,0.007716708440376813,0.007855056766799538,0.041502793880055254,0.18593226428751788,0.6440882570246105,0.27447445153347066,0.950807390871145,-0.07733092084869053,-0.32483630077516956,0.6498194945848376,5.620397325153069,0.27669665284545014,3.3203598341454015,0.00013834832642272508,0.038322486419094845,0.00013834832642272473
ridge_random_lns_l10,ridge_random,lns,10,soft,control,ridge_vs_random,0.007716708440376813,0.007855056766799538,0.041502793880055254,0.18593226428751788,0.6440882570246105,0.27447445153347066,0.950807390871145,-0.07733092084869053,-0.32483630077516956,0.6498194945848376,5.620397325153069,0.27669665284545014,3.3203598341454015,0.00013834832642272508,0.038322486419094845,0.00013834832642272473
ridge_random_lo_l1,ridge_random,lo,1,soft,control,ridge_vs_random,0.008896959917576039,0.009245305875029284,0.056186590028664773,0.15834667868324215,0.5485289853783182,0.2376551931791647,0.8232617385378195,-0.20902286440742734,-0.518115076149184,0.6064981949458483,6.512531693071912,0.6966919149064909,8.36030297887789,0.00034834595745324544,0.09649183021454899,0.00034834595745324506
ridge_random_lo_l2,ridge_random,lo,2,soft,control,ridge_vs_random,0.009997844612349647,0.010298440447216178,0.050594258981062165,0.19760828231700991,0.6845351699389514,0.30317970087030405,1.0502452914618015,-0.11013210196748224,-0.40510104315802853,0.6137184115523465,10.047019818837063,0.6011916697330604,7.2143000367967245,0.0003005958348665302,0.08326504625802887,0.0003005958348665308
ridge_random_lo_l3,ridge_random,lo,3,soft,control,ridge_vs_random,0.009882459059848667,0.010192897113538909,0.04580355074499289,0.21575748821021234,0.7474058633870616,0.32836445630208444,1.1374878434298812,-0.09407348532469542,-0.3820495497845473,0.628158844765343,10.402536261982357,0.620876107380485,7.450513288565821,0.00031043805369024253,0.08599134087219718,0.0003104380536902412
ridge_random_lo_l4,ridge_random,lo,4,soft,control,ridge_vs_random,0.009336183427975021,0.009623804632548161,0.043166137633194795,0.21628489227619682,0.7492328446638686,0.32787801778083425,1.1358027709627534,-0.09180298873149252,-0.3722005090365802,0.6389891696750902,9.137071437989581,0.5752424091462821,6.902908909755386,0.00028762120457314104,0.07967107366676007,0.00028762120457313974
ridge_random_lo_l5,ridge_random,lo,5,soft,control,ridge_vs_random,0.009476320682695027,0.009721829378269983,0.0420012539405252,0.2256199468738178,0.7815704223728867,0.34265707918935706,1.1869989414582371,-0.08608411324647386,-0.3541028950185857,0.6462093862815884,9.678920904163697,0.49101739114991005,5.892208693798921,0.000245508695574955,0.06800590867426254,0.00024550869557495546
ridge_random_lo_l6,ridge_random,lo,6,soft,control,ridge_vs_random,0.009291596820398741,0.009514021875465758,0.041440069140297915,0.22421769589576374,0.776712882494981,0.34101329910909217,1.1813047202272604,-0.08116685063061753,-0.34875090086832206,0.6389891696750902,9.217129107439371,0.44485011013403225,5.338201321608387,0.00022242505506701616,0.061611740253563474,0.00022242505506701697
ridge_random_lo_l7,ridge_random,lo,7,soft,control,ridge_vs_random,0.008987969340720239,0.009192098833967587,0.04093185842803521,0.2195837102418043,0.7606602853065749,0.33122830661853797,1.1474085119366206,-0.07982399776649293,-0.34990258416185993,0.6353790613718412,8.451328635346396,0.40825898649469455,4.899107837936334,0.0002041294932473473,0.0565438696295152,0.0002041294932473483
ridge_random_lo_l8,ridge_random,lo,8,soft,control,ridge_vs_random,0.009179884753474492,0.009362300612151726,0.040344531636749455,0.22753727410018118,0.7882122387144795,0.34772666405630487,1.2045604985839091,-0.0759678208578252,-0.3505317814730293,0.6353790613718412,9.033450395586003,0.3648317173544673,4.3779806082536075,0.00018241585867723368,0.05052919285359373,0.0001824158586772335
ridge_random_lo_l9,ridge_random,lo,9,soft,control,ridge_vs_random,0.0091500076524735,0.009306485971057474,0.04006342794588727,0.2283880367109924,0.7911593668486895,0.3485708792512064,1.2074849458040913,-0.07485626084353156,-0.35058633949943374,0.6462093862815884,8.982464469662931,0.3129566371679442,3.7554796460153304,0.0001564783185839721,0.043344494247760275,0.00015647831858397326
ridge_random_lo_l10,ridge_random,lo,10,soft,control,ridge_vs_random,0.009230704035474649,0.00936620066439587,0.040019206905500156,0.23065684578086929,0.7990187520120893,0.3525254061354337,1.2211838287708487,-0.07398943335782013,-0.3516497571590803,0.6462093862815884,9.21137199917746,0.2709932578424418,3.2519190941093017,0.0001354966289212209,0.03753256621117819,0.00013549662892122123
ridge_random_los_l1,ridge_random,los,1,soft,control,ridge_vs_random,0.006521940911681771,0.006865783286440315,0.06522281798650545,0.09999477350137119,0.3463920563914339,0.13959203268985593,0.48356098590129215,-0.21170592133638558,-0.5181150761491843,0.6028880866425993,2.2966378498546978,0.6876847495170859,8.252216994205032,0.00034384237475854296,0.09524433780811639,0.0003438423747585441
ridge_random_los_l2,ridge_random,los,2,soft,control,ridge_vs_random,0.007792676604791573,0.008118983253074077,0.05552388397113216,0.14034818977799035,0.4861803908915964,0.2028520518193967,0.7027001203415796,-0.1144943000766882,-0.4047767546948954,0.6173285198555957,4.580009306154768,0.6526132965650073,7.831359558780088,0.00032630664828250364,0.0903869415742535,0.00032630664828250423
ridge_random_los_l3,ridge_random,los,3,soft,control,ridge_vs_random,0.008083533422013487,0.008411103110290917,0.05070511256887403,0.15942245293378296,0.5522555766971402,0.23045369023510928,0.7983150005578978,-0.09865992129725296,-0.38173503434544387,0.6245487364620939,5.493620622271185,0.6551393765548612,7.8616725186583345,0.0003275696882774306,0.09073680365284828,0.0003275696882774296
ridge_random_los_l4,ridge_random,los,4,soft,control,ridge_vs_random,0.007659747250369785,0.007957005013566028,0.04771796712277307,0.1605212399485104,0.5560618865695499,0.23130849641240683,0.801276136017304,-0.10001782493187364,-0.3718825067678685,0.6462093862815884,5.022306357315752,0.5945155263924898,7.134186316709878,0.000297257763196245,0.08234040040535986,0.00029725776319624274
ridge_random_los_l5,ridge_random,los,5,soft,control,ridge_vs_random,0.007748896760657397,0.00800563451312347,0.04550005122008343,0.17030523159580718,0.589954627837445,0.2466097660723703,0.8542812889600417,-0.09208888152317263,-0.3510968157496973,0.6498194945848376,5.355446684124295,0.5134755049321446,6.161706059185734,0.00025673775246607224,0.07111635743310202,0.0002567377524660729
ridge_random_los_l6,ridge_random,los,6,soft,control,ridge_vs_random,0.007669369616000051,0.007900574958524984,0.04443827670378486,0.17258476666685954,0.5978511689588406,0.2510439585767324,0.8696417823762342,-0.08738308578361251,-0.3278531093215634,0.6425992779783394,5.303790298487892,0.4624106850498684,5.5489282205984205,0.00023120534252493418,0.06404387987940677,0.00023120534252493285
ridge_random_los_l7,ridge_random,los,7,soft,control,ridge_vs_random,0.007508595710908105,0.007721535982735431,0.04322086060374089,0.17372619624002153,0.601805196986797,0.2523239870128114,0.8740759309490777,-0.0851586097635088,-0.3276705488288798,0.6462093862815884,5.122203561204334,0.4258805436546552,5.110566523855862,0.0002129402718273276,0.05898445529616975,0.00021294027182732628
ridge_random_los_l8,ridge_random,los,8,soft,control,ridge_vs_random,0.007712705898494916,0.007900444999865173,0.04225246991507006,0.18253858091604838,0.6323321929762369,0.26912611695998906,0.9322802164368503,-0.07909924654932499,-0.32822819866449104,0.6425992779783394,5.555322439805165,0.37547820274051613,4.505738432886194,0.00018773910137025805,0.05200373107956148,0.00018773910137025694
ridge_random_los_l9,ridge_random,los,9,soft,control,ridge_vs_random,0.007625104306645679,0.007786679512108784,0.04177515810386387,0.18252723993737363,0.6322929066736924,0.2684650322840168,0.929990151943072,-0.07939760816586418,-0.32692996124790996,0.6498194945848376,5.434522801809655,0.3231504109262098,3.8778049311145173,0.0001615752054631049,0.04475633191328006,0.0001615752054631046
ridge_random_los_l10,ridge_random,los,10,soft,control,ridge_vs_random,0.007716708440376813,0.007855056766799538,0.04150279388005526,0.18593226428751786,0.6440882570246104,0.27447445153347066,0.950807390871145,-0.07733092084869053,-0.32483630077516956,0.6498194945848376,5.620397325153069,0.27669665284545014,3.3203598341454015,0.00013834832642272508,0.038322486419094845,0.00013834832642272473
ridge_random_mx_l1,ridge_random,mx,1,soft,control,ridge_vs_random,0.008606317684550892,0.008955987911119859,0.05582987143428967,0.15415256140577555,0.5340001369433689,0.2294791845798326,0.794939213943493,-0.19980808121032786,-0.5181150761491842,0.6101083032490975,5.968850474536546,0.6993404531379349,8.392085437655219,0.0003496702265689674,0.09685865275960398,0.00034967022656896656
ridge_random_mx_l2,ridge_random,mx,2,soft,control,ridge_vs_random,0.009646804532579234,0.009952345780057572,0.049973520226357086,0.19303832287346662,0.668704366049459,0.2920664500895656,1.0117478614828146,-0.10427182956066469,-0.40480344488046893,0.628158844765343,9.108793758916343,0.611082494956677,7.3329899394801235,0.0003055412474783385,0.08463492555149976,0.0003055412474783376
ridge_random_mx_l3,ridge_random,mx,3,soft,control,ridge_vs_random,0.009533208173732887,0.009847778293729249,0.0453043068684956,0.21042609042457805,0.728937359706904,0.3162712190948179,1.0955956408879453,-0.08944543522601418,-0.38174041999454467,0.6425992779783394,9.418874445263954,0.6291402399927255,7.549682879912706,0.0003145701199963628,0.0871359232389925,0.00031457011999636193
ridge_random_mx_l4,ridge_random,mx,4,soft,control,ridge_vs_random,0.00900666782358488,0.009295870785252142,0.042716227142166475,0.21084886063577762,0.7304018786783526,0.3160835017565631,1.0949453689533073,-0.08893902945634756,-0.37202671758470307,0.6534296028880866,8.305292585983068,0.5784059233345249,6.940871080014299,0.0002892029616672625,0.08010922038183171,0.000289202961667262
ridge_random_mx_l5,ridge_random,mx,5,soft,control,ridge_vs_random,0.009115581438685209,0.009363610059534247,0.041504038966135276,0.21963118929516615,0.760824757572011,0.32949355351361764,1.141399150904001,-0.08468561594740834,-0.35364595880542105,0.6570397111913358,8.72285001124998,0.4960572416980719,5.952686900376863,0.000248028620849036,0.06870392797518297,0.00024802862084903794
ridge_random_mx_l6,ridge_random,mx,6,soft,control,ridge_vs_random,0.008944149999062309,0.009168632755768038,0.04094200506922532,0.2184590125456585,0.7567642182008145,0.3284694282863329,1.1378514770500605,-0.08029321249828865,-0.3466858338126765,0.6534296028880866,8.336337966312062,0.4489655134114572,5.387586160937486,0.00022448275670572856,0.06218172360748681,0.00022448275670572913
ridge_random_mx_l7,ridge_random,mx,7,soft,control,ridge_vs_random,0.008663770272926027,0.00886985610352116,0.04043627282710202,0.21425738989275042,0.7422093703826763,0.3196816316649627,1.10740965658047,-0.07808893768631821,-0.34772424278773706,0.6498194945848376,7.691144902492175,0.41217166119026544,4.946059934283185,0.00020608583059513274,0.05708577507485177,0.00020608583059513255
ridge_random_mx_l8,ridge_random,mx,8,soft,control,ridge_vs_random,0.008851442426724403,0.009035259210039432,0.039835105236744654,0.2222020595682942,0.7697305134374635,0.3358448951884392,1.163400843858042,-0.07379443621996434,-0.3486116024064263,0.6462093862815884,8.21652112437389,0.3676335666300559,4.411602799560671,0.00018381678331502802,0.05091724897826276,0.000183816783315029
ridge_random_mx_l9,ridge_random,mx,9,soft,control,ridge_vs_random,0.008810526824878508,0.008968425085584241,0.039549485774857035,0.22277222199636443,0.7717056140254324,0.33622089904930424,1.1647033594397627,-0.07344838740984418,-0.34835479778424094,0.6534296028880866,8.142039106092733,0.3157965214114674,3.789558256937609,0.00015789826070573376,0.04373781821548825,0.0001578982607057331
ridge_random_mx_l10,ridge_random,mx,10,soft,control,ridge_vs_random,0.008890591206431224,0.009027126264226965,0.03949183152998715,0.22512481346124383,0.7798552299186804,0.34038873665269925,1.1791411724133152,-0.0724714154527181,-0.3490178685247606,0.6534296028880866,8.35158907785878,0.27307011559148253,3.2768413870977904,0.00013653505779574128,0.03782021100942033,0.00013653505779574054
